,id,terrestrial_date,sol,ls,month,min_temp,pressure
0,2,20120816,10,155,6,-75.0,739.0
1,13,20120817,11,156,6,-76.0,740.0
2,24,20120818,12,156,6,-76.0,741.0
3,35,20120819,13,157,6,-74.0,732.0
4,46,20120820,14,157,6,-74.0,740.0
5,57,20120821,15,158,6,-78.0,740.0
6,68,20120822,16,158,6,-77.0,740.0
7,79,20120823,17,159,6,-76.0,742.0
8,112,20120827,21,161,6,-74.0,741.0
9,114,20120828,22,162,6,-74.0,742.0
10,123,20120829,23,162,6,-75.0,741.0
11,134,20120830,24,163,6,-75.0,742.0
12,145,20120831,25,163,6,-75.0,743.0
13,156,20120901,26,164,6,-76.0,745.0
14,163,20120902,27,164,6,-75.0,743.0
15,170,20120903,28,165,6,-75.0,745.0
16,171,20120904,29,166,6,-75.0,747.0
17,172,20120905,30,166,6,-74.0,747.0
18,173,20120906,31,167,6,-74.0,745.0
19,175,20120908,33,168,6,-73.0,748.0
20,176,20120910,34,168,6,-73.0,748.0
21,177,20120911,35,169,6,-73.0,749.0
22,178,20120912,36,169,6,-73.0,750.0
23,179,20120913,37,170,6,-73.0,750.0
24,180,20120914,38,171,6,-73.0,750.0
25,181,20120915,39,171,6,-75.0,751.0
26,182,20120916,40,172,6,-75.0,753.0
27,183,20120917,41,172,6,-75.0,753.0
28,184,20120918,42,173,6,-75.0,754.0
29,185,20120919,43,173,6,-74.0,756.0
30,186,20120920,44,174,6,-75.0,757.0
31,187,20120921,45,175,6,-74.0,758.0
32,188,20120922,46,175,6,-74.0,758.0
33,189,20120923,47,176,6,-75.0,758.0
34,190,20120924,48,176,6,-75.0,759.0
35,191,20120925,49,177,6,-74.0,761.0
36,192,20120926,50,177,6,-72.0,761.0
37,193,20120927,51,178,6,-76.0,762.0
38,194,20120928,52,179,6,-74.0,762.0
39,195,20120929,53,179,6,-71.0,764.0
40,196,20120930,54,180,7,-72.0,766.0
41,197,20121001,55,180,7,-74.0,766.0
42,198,20121002,56,181,7,-73.0,768.0
43,199,20121003,57,181,7,-73.0,769.0
44,200,20121004,58,182,7,-74.0,769.0
45,201,20121005,59,183,7,-76.0,771.0
46,202,20121006,60,183,7,-75.0,772.0
47,203,20121007,61,184,7,-72.0,772.0
48,204,20121008,62,184,7,-72.0,774.0
49,205,20121009,63,185,7,-73.0,775.0
50,206,20121010,64,186,7,-74.0,776.0
51,207,20121011,65,186,7,-72.0,777.0
52,208,20121012,66,187,7,-73.0,778.0
53,209,20121013,67,187,7,-73.0,780.0
54,210,20121014,68,188,7,-71.0,781.0
55,211,20121015,69,189,7,-73.0,778.0
56,212,20121017,70,189,7,-72.0,783.0
57,213,20121018,71,190,7,-71.0,784.0
58,214,20121019,72,190,7,-73.0,785.0
59,215,20121020,73,191,7,-70.0,788.0
60,216,20121021,74,192,7,-72.0,790.0
61,217,20121022,75,192,7,-73.0,791.0
62,218,20121023,76,193,7,-73.0,792.0
63,219,20121024,77,193,7,-71.0,792.0
64,220,20121025,78,194,7,-71.0,793.0
65,221,20121026,79,195,7,-73.0,795.0
66,222,20121027,80,195,7,-70.0,796.0
67,223,20121028,81,196,7,-72.0,798.0
68,224,20121029,82,196,7,-72.0,799.0
69,225,20121030,83,197,7,-72.0,801.0
70,226,20121031,84,198,7,-70.0,801.0
71,227,20121101,85,198,7,-71.0,805.0
72,228,20121102,86,199,7,-71.0,808.0
73,229,20121103,87,199,7,-70.0,808.0
74,230,20121104,88,200,7,-70.0,811.0
75,231,20121105,89,201,7,-73.0,813.0
76,233,20121106,90,201,7,-71.0,813.0
77,234,20121107,91,202,7,-74.0,817.0
78,235,20121108,92,202,7,-74.0,820.0
79,236,20121109,93,203,7,-72.0,819.0
80,237,20121110,94,204,7,-70.0,822.0
81,238,20121111,95,204,7,-68.0,822.0
82,239,20121112,96,205,7,-71.0,826.0
83,240,20121113,97,206,7,-68.0,828.0
84,241,20121114,98,206,7,-68.0,828.0
85,242,20121115,99,207,7,-68.0,829.0
86,3,20121116,100,207,7,-66.0,829.0
87,4,20121117,101,208,7,-65.0,830.0
88,5,20121118,102,209,7,-67.0,833.0
89,6,20121119,103,209,7,-66.0,836.0
90,7,20121120,104,210,8,-67.0,838.0
91,8,20121121,105,211,8,-66.0,839.0
92,9,20121123,106,211,8,-66.0,841.0
93,10,20121124,107,212,8,-66.0,844.0
94,11,20121125,108,212,8,-65.0,845.0
95,12,20121126,109,213,8,-64.0,844.0
96,14,20121127,110,214,8,-65.0,848.0
97,15,20121128,111,214,8,-66.0,849.0
98,16,20121129,112,215,8,-65.0,852.0
99,17,20121130,113,216,8,-66.0,857.0
100,18,20121201,114,216,8,-69.0,857.0
101,19,20121202,115,217,8,-66.0,857.0
102,20,20121203,116,217,8,-67.0,859.0
103,21,20121204,117,218,8,-66.0,861.0
104,22,20121205,118,219,8,-65.0,864.0
105,23,20121206,119,219,8,-66.0,866.0
106,25,20121207,120,220,8,-67.0,867.0
107,26,20121208,121,221,8,-66.0,869.0
108,27,20121209,122,221,8,-65.0,869.0
109,28,20121210,123,222,8,-66.0,875.0
110,29,20121211,124,223,8,-66.0,876.0
111,30,20121212,125,223,8,-68.0,880.0
112,31,20121213,126,224,8,-66.0,880.0
113,32,20121214,127,224,8,-67.0,884.0
114,33,20121215,128,225,8,-67.0,883.0
115,34,20121216,129,226,8,-65.0,886.0
116,36,20121217,130,226,8,-65.0,888.0
117,37,20121218,131,227,8,-65.0,889.0
118,38,20121219,132,228,8,-65.0,890.0
119,39,20121220,133,228,8,-65.0,891.0
120,40,20121221,134,229,8,-67.0,893.0
121,41,20121222,135,230,8,-65.0,894.0
122,42,20121223,136,230,8,-65.0,897.0
123,43,20121224,137,231,8,-64.0,896.0
124,44,20121225,138,232,8,-65.0,899.0
125,45,20121226,139,232,8,-66.0,899.0
126,47,20121227,140,233,8,-66.0,903.0
127,48,20121228,141,233,8,-64.0,904.0
128,49,20121229,142,234,8,-65.0,906.0
129,50,20121231,143,235,8,-63.0,908.0
130,51,20130101,144,235,8,-64.0,907.0
131,52,20130102,145,236,8,-64.0,909.0
132,53,20130103,146,237,8,-65.0,908.0
133,54,20130104,147,237,8,-65.0,914.0
134,55,20130105,148,238,8,-65.0,912.0
135,56,20130106,149,239,8,-65.0,914.0
136,58,20130107,150,239,8,-64.0,913.0
137,59,20130108,151,240,9,-65.0,915.0
138,60,20130109,152,241,9,-63.0,914.0
139,61,20130110,153,241,9,-65.0,915.0
140,62,20130111,154,242,9,-65.0,917.0
141,63,20130112,155,243,9,-64.0,917.0
142,64,20130113,156,243,9,-65.0,922.0
143,65,20130114,157,244,9,-64.0,920.0
144,66,20130115,158,245,9,-66.0,922.0
145,67,20130116,159,245,9,-65.0,918.0
146,69,20130117,160,246,9,-67.0,919.0
147,70,20130118,161,246,9,-65.0,919.0
148,71,20130119,162,247,9,-65.0,919.0
149,72,20130120,163,248,9,-65.0,919.0
150,73,20130121,164,248,9,-64.0,919.0
151,74,20130122,165,249,9,-65.0,922.0
152,75,20130123,166,250,9,-65.0,922.0
153,76,20130124,167,250,9,-65.0,920.0
154,77,20130125,168,251,9,-66.0,923.0
155,78,20130126,169,252,9,-66.0,922.0
156,80,20130127,170,252,9,-66.0,925.0
157,81,20130128,171,253,9,-67.0,925.0
158,82,20130129,172,254,9,-67.0,923.0
159,83,20130130,173,254,9,-67.0,920.0
160,84,20130131,174,255,9,-67.0,921.0
161,85,20130201,175,256,9,-68.0,921.0
162,86,20130202,176,256,9,-67.0,920.0
163,87,20130203,177,257,9,-66.0,921.0
164,88,20130204,178,258,9,-66.0,920.0
165,89,20130206,179,258,9,-66.0,920.0
166,91,20130207,180,259,9,-67.0,919.0
167,92,20130208,181,260,9,-67.0,918.0
168,93,20130209,182,260,9,-67.0,921.0
169,94,20130210,183,261,9,-67.0,921.0
170,95,20130211,184,261,9,-67.0,923.0
171,96,20130212,185,262,9,-67.0,923.0
172,97,20130213,186,263,9,-66.0,922.0
173,98,20130214,187,263,9,-67.0,921.0
174,99,20130215,188,264,9,-68.0,920.0
175,100,20130216,189,265,9,-68.0,920.0
176,102,20130217,190,265,9,-66.0,917.0
177,103,20130218,191,266,9,-67.0,921.0
178,106,20130223,196,269,9,-66.0,916.0
179,107,20130224,197,270,10,-68.0,915.0
180,108,20130225,198,271,10,-67.0,914.0
181,109,20130226,199,271,10,-66.0,917.0
182,116,20130323,223,287,10,-71.0,895.0
183,117,20130324,224,287,10,-69.0,894.0
184,118,20130325,225,288,10,-71.0,894.0
185,119,20130326,226,288,10,-70.0,894.0
186,120,20130327,227,289,10,-70.0,892.0
187,121,20130328,228,290,10,-71.0,894.0
188,122,20130329,229,290,10,-69.0,894.0
189,124,20130330,230,291,10,-69.0,888.0
190,125,20130331,231,292,10,-71.0,890.0
191,126,20130401,232,292,10,-69.0,888.0
192,127,20130402,233,293,10,-69.0,889.0
193,128,20130403,234,293,10,-69.0,890.0
194,129,20130404,235,294,10,-70.0,886.0
195,130,20130405,236,295,10,-72.0,886.0
196,131,20130406,237,295,10,-71.0,883.0
197,132,20130407,238,296,10,-70.0,885.0
198,133,20130408,239,297,10,-73.0,885.0
199,135,20130409,240,297,10,-70.0,884.0
200,136,20130410,241,298,10,-72.0,884.0
201,137,20130411,242,298,10,-70.0,881.0
202,138,20130412,243,299,10,-71.0,884.0
203,139,20130413,244,300,11,-69.0,878.0
204,140,20130414,245,300,11,-70.0,879.0
205,141,20130415,246,301,11,-73.0,878.0
206,142,20130416,247,301,11,-71.0,873.0
207,143,20130417,248,302,11,-70.0,877.0
208,144,20130418,249,303,11,-69.0,873.0
209,146,20130419,250,303,11,-70.0,877.0
210,147,20130420,251,304,11,-71.0,876.0
211,148,20130422,252,304,11,-71.0,874.0
212,149,20130423,253,305,11,-71.0,877.0
213,150,20130424,254,306,11,-70.0,871.0
214,151,20130425,255,306,11,-69.0,877.0
215,152,20130426,256,307,11,-70.0,871.0
216,153,20130427,257,308,11,-70.0,871.0
217,154,20130428,258,308,11,-71.0,869.0
218,155,20130429,259,309,11,-72.0,871.0
219,157,20130430,260,309,11,-70.0,875.0
220,158,20130501,261,310,11,-70.0,868.0
221,161,20130508,268,314,11,-70.0,864.0
222,162,20130509,269,315,11,-72.0,866.0
223,164,20130510,270,315,11,-67.0,863.0
224,165,20130511,271,316,11,-69.0,864.0
225,166,20130512,272,316,11,-71.0,864.0
226,167,20130513,273,317,11,-70.0,861.0
227,168,20130514,274,318,11,-70.0,861.0
228,169,20130515,275,318,11,-67.0,860.0
229,244,20130516,276,319,11,-69.0,858.0
230,245,20130517,277,319,11,-69.0,857.0
231,246,20130518,278,320,11,-67.0,855.0
232,247,20130519,279,321,11,-68.0,856.0
233,248,20130520,280,321,11,-69.0,856.0
234,249,20130521,281,322,11,-68.0,855.0
235,250,20130522,282,322,11,-72.0,856.0
236,251,20130523,283,323,11,-68.0,854.0
237,252,20130524,284,323,11,-71.0,854.0
238,253,20130525,285,324,11,-70.0,852.0
239,254,20130526,286,325,11,-71.0,854.0
240,255,20130527,287,325,11,-72.0,856.0
241,256,20130529,288,326,11,-69.0,854.0
242,257,20130530,289,326,11,-71.0,854.0
243,258,20130531,290,327,11,-71.0,853.0
244,259,20130601,291,327,11,-70.0,853.0
245,260,20130602,292,328,11,-71.0,853.0
246,261,20130603,293,329,11,-72.0,850.0
247,262,20130604,294,329,11,-72.0,852.0
248,263,20130605,295,330,12,-71.0,853.0
249,264,20130606,296,330,12,-71.0,850.0
250,265,20130607,297,331,12,-72.0,849.0
251,266,20130608,298,331,12,-72.0,850.0
252,267,20130609,299,332,12,-71.0,849.0
253,286,20130610,300,333,12,-72.0,852.0
254,276,20130611,301,333,12,-73.0,852.0
255,287,20130612,302,334,12,-71.0,850.0
256,283,20130613,303,334,12,-71.0,849.0
257,281,20130614,304,335,12,-70.0,848.0
258,275,20130615,305,335,12,-71.0,847.0
259,280,20130616,306,336,12,-71.0,848.0
260,279,20130617,307,336,12,-72.0,851.0
261,282,20130618,308,337,12,-73.0,850.0
262,284,20130619,309,338,12,-72.0,848.0
263,278,20130620,310,338,12,-71.0,849.0
264,277,20130621,311,339,12,-74.0,846.0
265,285,20130622,312,339,12,-71.0,845.0
266,274,20130623,313,340,12,-77.0,849.0
267,272,20130624,314,340,12,-73.0,848.0
268,273,20130625,315,341,12,-74.0,850.0
269,288,20130626,316,341,12,-74.0,851.0
270,268,20130627,317,342,12,-72.0,849.0
271,270,20130628,318,342,12,-74.0,849.0
272,271,20130629,319,343,12,-73.0,847.0
273,269,20130630,320,344,12,-74.0,846.0
274,289,20130701,321,344,12,-75.0,847.0
275,291,20130702,322,345,12,-74.0,849.0
276,290,20130703,323,345,12,-74.0,847.0
277,292,20130704,324,346,12,-75.0,850.0
278,294,20130706,325,346,12,-74.0,847.0
279,295,20130707,326,347,12,-72.0,848.0
280,296,20130708,327,347,12,-74.0,848.0
281,293,20130709,328,348,12,-75.0,847.0
282,298,20130710,329,348,12,-74.0,847.0
283,297,20130711,330,349,12,-75.0,848.0
284,303,20130712,331,349,12,-74.0,848.0
285,300,20130713,332,350,12,-76.0,849.0
286,299,20130714,333,350,12,-75.0,849.0
287,301,20130715,334,351,12,-74.0,852.0
288,302,20130716,335,352,12,-76.0,852.0
289,305,20130717,336,352,12,-76.0,852.0
290,304,20130718,337,353,12,-75.0,853.0
291,306,20130719,338,353,12,-78.0,848.0
292,308,20130720,339,354,12,-76.0,849.0
293,307,20130721,340,354,12,-76.0,851.0
294,310,20130722,341,355,12,-77.0,852.0
295,309,20130723,342,355,12,-76.0,851.0
296,311,20130724,343,356,12,-77.0,850.0
297,317,20130725,344,356,12,-77.0,851.0
298,312,20130726,345,357,12,-77.0,853.0
299,314,20130727,346,357,12,-76.0,853.0
300,313,20130728,347,358,12,-77.0,851.0
301,315,20130729,348,358,12,-74.0,850.0
302,316,20130730,349,359,12,-75.0,852.0
303,318,20130731,350,359,12,-76.0,853.0
304,320,20130801,351,0,1,-75.0,853.0
305,319,20130802,352,0,1,-77.0,854.0
306,323,20130803,353,1,1,-75.0,855.0
307,322,20130804,354,1,1,-75.0,857.0
308,321,20130805,355,2,1,-75.0,857.0
309,324,20130806,356,2,1,-77.0,856.0
310,325,20130807,357,3,1,-76.0,857.0
311,326,20130817,366,7,1,-76.0,861.0
312,328,20130818,367,8,1,-76.0,862.0
313,330,20130819,368,8,1,-77.0,863.0
314,331,20130820,369,9,1,-75.0,865.0
315,332,20130821,370,9,1,-79.0,865.0
316,333,20130822,371,10,1,-77.0,865.0
317,334,20130823,372,10,1,-76.0,866.0
318,335,20130824,373,11,1,-79.0,866.0
319,337,20130825,374,11,1,-79.0,866.0
320,336,20130826,375,12,1,-77.0,867.0
321,340,20130827,376,12,1,-78.0,870.0
322,338,20130828,377,13,1,-78.0,870.0
323,339,20130829,378,13,1,-78.0,869.0
324,341,20130830,379,14,1,-79.0,870.0
325,343,20130831,380,14,1,-79.0,870.0
326,345,20130901,381,15,1,-79.0,871.0
327,344,20130902,382,15,1,-76.0,872.0
328,342,20130903,383,16,1,-77.0,874.0
329,346,20130904,384,16,1,-77.0,875.0
330,351,20130905,385,17,1,-78.0,874.0
331,347,20130906,386,17,1,-77.0,873.0
332,349,20130907,387,18,1,-78.0,874.0
333,350,20130908,388,18,1,-79.0,875.0
334,348,20130909,389,19,1,-79.0,875.0
335,352,20130910,390,19,1,-78.0,875.0
336,353,20130911,391,20,1,-78.0,875.0
337,354,20130912,392,20,1,-77.0,876.0
338,355,20130913,393,21,1,-76.0,877.0
339,356,20130914,394,21,1,-79.0,878.0
340,357,20130915,395,22,1,-77.0,878.0
341,358,20130916,396,22,1,-78.0,879.0
342,359,20130918,397,23,1,-75.0,880.0
343,360,20130919,398,23,1,-79.0,880.0
344,361,20130920,399,24,1,-79.0,881.0
345,363,20130921,400,24,1,-79.0,881.0
346,362,20130922,401,25,1,-79.0,882.0
347,365,20130923,402,25,1,-78.0,883.0
348,364,20130924,403,25,1,-80.0,883.0
349,367,20130925,404,26,1,-78.0,884.0
350,366,20130926,405,26,1,-82.0,885.0
351,374,20130927,406,27,1,-81.0,886.0
352,370,20130928,407,27,1,-81.0,887.0
353,369,20130929,408,28,1,-80.0,887.0
354,368,20130930,409,28,1,-81.0,887.0
355,373,20131001,410,29,1,-81.0,888.0
356,372,20131002,411,29,1,-82.0,887.0
357,371,20131003,412,30,2,-80.0,888.0
358,376,20131004,413,30,2,-82.0,888.0
359,375,20131005,414,31,2,-79.0,889.0
360,377,20131006,415,31,2,-82.0,890.0
361,378,20131007,416,32,2,-79.0,889.0
362,379,20131008,417,32,2,-82.0,890.0
363,380,20131009,418,33,2,-79.0,891.0
364,381,20131010,419,33,2,-82.0,891.0
365,385,20131011,420,33,2,-80.0,892.0
366,382,20131012,421,34,2,-81.0,890.0
367,384,20131013,422,34,2,-82.0,891.0
368,383,20131014,423,35,2,-81.0,892.0
369,386,20131015,424,35,2,-81.0,893.0
370,393,20131016,425,36,2,-81.0,893.0
371,388,20131017,426,36,2,-79.0,893.0
372,392,20131018,427,37,2,-81.0,893.0
373,391,20131019,428,37,2,-81.0,894.0
374,387,20131020,429,38,2,-82.0,895.0
375,390,20131021,430,38,2,-82.0,896.0
376,389,20131022,431,39,2,-83.0,895.0
377,395,20131023,432,39,2,-80.0,896.0
378,394,20131024,433,40,2,-81.0,895.0
379,397,20131026,434,40,2,-80.0,896.0
380,396,20131027,435,40,2,-81.0,896.0
381,398,20131028,436,41,2,-81.0,897.0
382,399,20131029,437,41,2,-82.0,898.0
383,400,20131030,438,42,2,-79.0,899.0
384,401,20131031,439,42,2,-80.0,899.0
385,404,20131101,440,43,2,-80.0,899.0
386,402,20131102,441,43,2,-81.0,900.0
387,405,20131103,442,44,2,-80.0,900.0
388,403,20131104,443,44,2,-81.0,901.0
389,407,20131116,455,50,2,-84.0,905.0
390,406,20131117,456,50,2,-83.0,905.0
391,409,20131124,463,53,2,-86.0,906.0
392,410,20131125,464,54,2,-84.0,906.0
393,412,20131126,465,54,2,-85.0,906.0
394,415,20131127,466,55,2,-85.0,907.0
395,411,20131128,467,55,2,-84.0,907.0
396,414,20131129,468,55,2,-85.0,907.0
397,413,20131130,469,56,2,-85.0,908.0
398,475,20131202,470,56,2,-85.0,907.0
399,479,20131203,471,57,2,-84.0,906.0
400,416,20131204,472,57,2,-84.0,907.0
401,417,20131205,473,58,2,-86.0,907.0
402,420,20131206,474,58,2,-84.0,906.0
403,419,20131207,475,59,2,-85.0,906.0
404,418,20131208,476,59,2,-85.0,906.0
405,421,20131209,477,60,3,-85.0,907.0
406,422,20131218,486,64,3,-84.0,904.0
407,473,20131219,487,64,3,-85.0,904.0
408,480,20131220,488,64,3,-87.0,903.0
409,423,20131221,489,65,3,-85.0,904.0
410,434,20131222,490,65,3,-87.0,903.0
411,433,20131223,491,66,3,-86.0,903.0
412,427,20131224,492,66,3,-86.0,903.0
413,426,20131225,493,67,3,-84.0,902.0
414,429,20131226,494,67,3,-85.0,902.0
415,431,20131227,495,68,3,-86.0,900.0
416,428,20131228,496,68,3,-85.0,901.0
417,425,20131229,497,69,3,-86.0,901.0
418,424,20131230,498,69,3,-86.0,901.0
419,432,20131231,499,69,3,-84.0,899.0
420,430,20140101,500,70,3,-85.0,897.0
421,435,20140102,501,70,3,-86.0,898.0
422,437,20140103,502,71,3,-87.0,898.0
423,483,20140104,503,71,3,-86.0,897.0
424,436,20140105,504,72,3,-85.0,895.0
425,438,20140106,505,72,3,-85.0,895.0
426,439,20140108,506,73,3,-86.0,894.0
427,440,20140109,507,73,3,-85.0,894.0
428,442,20140110,508,73,3,-83.0,893.0
429,443,20140111,509,74,3,-86.0,895.0
430,441,20140112,510,74,3,-85.0,892.0
431,446,20140113,511,75,3,-85.0,892.0
432,444,20140114,512,75,3,-86.0,890.0
433,445,20140115,513,76,3,-86.0,889.0
434,447,20140116,514,76,3,-86.0,888.0
435,450,20140117,515,77,3,-86.0,888.0
436,449,20140118,516,77,3,-86.0,888.0
437,448,20140119,517,77,3,-86.0,885.0
438,451,20140120,518,78,3,-85.0,885.0
439,452,20140121,519,78,3,-86.0,884.0
440,453,20140122,520,79,3,-86.0,884.0
441,454,20140123,521,79,3,-87.0,882.0
442,455,20140124,522,80,3,-85.0,881.0
443,458,20140125,523,80,3,-85.0,881.0
444,457,20140126,524,81,3,-85.0,880.0
445,456,20140127,525,81,3,-87.0,878.0
446,459,20140128,526,82,3,-87.0,878.0
447,460,20140129,527,82,3,-86.0,877.0
448,461,20140130,528,82,3,-86.0,876.0
449,462,20140131,529,83,3,-87.0,875.0
450,463,20140201,530,83,3,-87.0,873.0
451,465,20140202,531,84,3,-87.0,872.0
452,464,20140203,532,84,3,-88.0,872.0
453,466,20140204,533,85,3,-87.0,871.0
454,467,20140205,534,85,3,-86.0,869.0
455,468,20140206,535,86,3,-88.0,868.0
456,470,20140207,536,86,3,-83.0,867.0
457,469,20140208,537,86,3,-83.0,865.0
458,472,20140209,538,87,3,-85.0,865.0
459,476,20140210,539,87,3,-85.0,864.0
460,481,20140211,540,88,3,-84.0,862.0
461,482,20140212,541,88,3,-84.0,861.0
462,477,20140213,542,89,3,-85.0,859.0
463,486,20140215,543,89,3,-84.0,858.0
464,487,20140216,544,90,4,-86.0,857.0
465,490,20140217,545,90,4,-85.0,856.0
466,489,20140218,546,91,4,-85.0,855.0
467,488,20140219,547,91,4,-85.0,853.0
468,491,20140220,548,91,4,-86.0,852.0
469,492,20140221,549,92,4,-87.0,851.0
470,494,20140222,550,92,4,-85.0,850.0
471,495,20140223,551,93,4,-85.0,848.0
472,493,20140224,552,93,4,-86.0,847.0
473,496,20140225,553,94,4,-84.0,845.0
474,497,20140226,554,94,4,-84.0,843.0
475,499,20140227,555,95,4,-85.0,843.0
476,501,20140228,556,95,4,-85.0,842.0
477,498,20140301,557,96,4,-85.0,840.0
478,500,20140302,558,96,4,-85.0,839.0
479,502,20140303,559,96,4,-85.0,838.0
480,503,20140304,560,97,4,-86.0,836.0
481,504,20140305,561,97,4,-85.0,835.0
482,506,20140306,562,98,4,-85.0,834.0
483,505,20140307,563,98,4,-87.0,833.0
484,509,20140308,564,99,4,-86.0,831.0
485,508,20140309,565,99,4,-85.0,830.0
486,507,20140310,566,100,4,-86.0,829.0
487,510,20140311,567,100,4,-86.0,827.0
488,511,20140312,568,101,4,-86.0,825.0
489,512,20140313,569,101,4,-85.0,825.0
490,513,20140314,570,102,4,-84.0,823.0
491,515,20140315,571,102,4,-84.0,821.0
492,514,20140316,572,102,4,-85.0,820.0
493,516,20140317,573,103,4,-84.0,819.0
494,517,20140318,574,103,4,-85.0,817.0
495,518,20140319,575,104,4,-82.0,816.0
496,520,20140320,576,104,4,-84.0,815.0
497,519,20140321,577,105,4,-84.0,813.0
498,521,20140322,578,105,4,-83.0,812.0
499,522,20140324,579,106,4,-82.0,811.0
500,523,20140325,580,106,4,-83.0,810.0
501,524,20140326,581,107,4,-84.0,808.0
502,525,20140327,582,107,4,-84.0,807.0
503,526,20140328,583,108,4,-82.0,806.0
504,528,20140329,584,108,4,-82.0,804.0
505,527,20140330,585,109,4,-83.0,802.0
506,529,20140331,586,109,4,-82.0,802.0
507,530,20140401,587,109,4,-85.0,801.0
508,532,20140402,588,110,4,-84.0,799.0
509,531,20140403,589,110,4,-85.0,798.0
510,535,20140404,590,111,4,-82.0,797.0
511,533,20140405,591,111,4,-82.0,795.0
512,534,20140406,592,112,4,-83.0,795.0
513,536,20140407,593,112,4,-83.0,795.0
514,537,20140408,594,113,4,-83.0,793.0
515,538,20140409,595,113,4,-83.0,792.0
516,539,20140410,596,114,4,-82.0,791.0
517,540,20140411,597,114,4,-84.0,790.0
518,542,20140412,598,115,4,-84.0,787.0
519,543,20140413,599,115,4,-84.0,788.0
520,541,20140414,600,116,4,-81.0,787.0
521,544,20140415,601,116,4,-82.0,785.0
522,545,20140416,602,117,4,-82.0,784.0
523,548,20140417,603,117,4,-83.0,783.0
524,546,20140418,604,118,4,-84.0,782.0
525,547,20140419,605,118,4,-83.0,781.0
526,549,20140420,606,118,4,-84.0,780.0
527,550,20140421,607,119,4,-83.0,779.0
528,551,20140422,608,119,4,-85.0,777.0
529,552,20140423,609,120,5,-84.0,777.0
530,554,20140424,610,120,5,-85.0,776.0
531,555,20140425,611,121,5,-84.0,775.0
532,553,20140426,612,121,5,-85.0,774.0
533,556,20140427,613,122,5,-84.0,773.0
534,557,20140428,614,122,5,-82.0,772.0
535,558,20140429,615,123,5,-83.0,771.0
536,559,20140501,616,123,5,-82.0,769.0
537,561,20140502,617,124,5,-84.0,769.0
538,562,20140503,618,124,5,-83.0,769.0
539,560,20140504,619,125,5,-82.0,766.0
540,563,20140505,620,125,5,-83.0,765.0
541,564,20140506,621,126,5,-82.0,765.0
542,565,20140507,622,126,5,-84.0,763.0
543,566,20140508,623,127,5,-83.0,763.0
544,568,20140509,624,127,5,-82.0,762.0
545,569,20140510,625,128,5,-81.0,761.0
546,567,20140511,626,128,5,-82.0,760.0
547,570,20140512,627,129,5,-82.0,759.0
548,571,20140513,628,129,5,-81.0,759.0
549,572,20140514,629,130,5,-84.0,759.0
550,573,20140515,630,130,5,-82.0,757.0
551,576,20140516,631,131,5,-81.0,756.0
552,575,20140517,632,131,5,-79.0,755.0
553,574,20140518,633,132,5,-81.0,754.0
554,577,20140519,634,132,5,-82.0,753.0
555,578,20140520,635,133,5,-82.0,754.0
556,582,20140521,636,133,5,-81.0,752.0
557,580,20140522,637,134,5,-80.0,752.0
558,579,20140523,638,134,5,-80.0,751.0
559,581,20140524,639,135,5,-80.0,750.0
560,583,20140525,640,135,5,-81.0,750.0
561,584,20140526,641,136,5,-81.0,749.0
562,585,20140527,642,136,5,-80.0,749.0
563,586,20140528,643,137,5,-80.0,748.0
564,588,20140529,644,137,5,-80.0,748.0
565,589,20140530,645,138,5,-81.0,746.0
566,587,20140531,646,138,5,-81.0,746.0
567,590,20140601,647,139,5,-79.0,746.0
568,591,20140602,648,139,5,-80.0,746.0
569,592,20140603,649,140,5,-79.0,745.0
570,593,20140604,650,140,5,-80.0,743.0
571,595,20140605,651,141,5,-80.0,743.0
572,594,20140607,652,141,5,-79.0,745.0
573,596,20140608,653,142,5,-80.0,744.0
574,597,20140609,654,142,5,-79.0,742.0
575,598,20140610,655,143,5,-77.0,741.0
576,599,20140611,656,143,5,-80.0,740.0
577,600,20140612,657,144,5,-79.0,739.0
578,602,20140613,658,144,5,-79.0,739.0
579,603,20140614,659,145,5,-77.0,738.0
580,601,20140615,660,145,5,-78.0,735.0
581,604,20140616,661,146,5,-76.0,735.0
582,605,20140617,662,146,5,-77.0,735.0
583,609,20140618,663,147,5,-77.0,734.0
584,607,20140619,664,147,5,-78.0,732.0
585,610,20140620,665,148,5,-78.0,735.0
586,608,20140621,666,148,5,-77.0,736.0
587,606,20140622,667,149,5,-76.0,736.0
588,611,20140623,668,150,6,-75.0,734.0
589,613,20140624,669,150,6,-84.0,735.0
590,612,20140625,670,151,6,-79.0,737.0
591,614,20140626,671,151,6,-79.0,740.0
592,615,20140627,672,152,6,-78.0,739.0
593,616,20140628,673,152,6,-78.0,738.0
594,617,20140629,674,153,6,-80.0,739.0
595,618,20140630,675,153,6,-80.0,740.0
596,619,20140701,676,154,6,-80.0,738.0
597,622,20140702,677,154,6,-78.0,737.0
598,621,20140703,678,155,6,-77.0,739.0
599,624,20140704,679,155,6,-77.0,738.0
600,620,20140705,680,156,6,-76.0,740.0
601,623,20140706,681,156,6,-79.0,738.0
602,625,20140707,682,157,6,-77.0,739.0
603,626,20140708,683,158,6,-79.0,741.0
604,627,20140709,684,158,6,-75.0,741.0
605,628,20140710,685,159,6,-77.0,740.0
606,629,20140711,686,159,6,-76.0,738.0
607,630,20140712,687,160,6,-77.0,739.0
608,631,20140714,688,160,6,-77.0,741.0
609,632,20140715,689,161,6,-76.0,742.0
610,633,20140716,690,161,6,-77.0,741.0
611,634,20140717,691,162,6,-76.0,741.0
612,637,20140718,692,162,6,-76.0,742.0
613,636,20140719,693,163,6,-76.0,741.0
614,635,20140720,694,164,6,-75.0,740.0
615,638,20140721,695,164,6,-76.0,741.0
616,639,20140722,696,165,6,-75.0,743.0
617,640,20140723,697,165,6,-74.0,743.0
618,641,20140724,698,166,6,-77.0,743.0
619,642,20140725,699,166,6,-76.0,744.0
620,643,20140726,700,167,6,-75.0,745.0
621,644,20140727,701,167,6,-77.0,745.0
622,645,20140728,702,168,6,-76.0,745.0
623,646,20140729,703,169,6,-75.0,747.0
624,647,20140730,704,169,6,-75.0,747.0
625,648,20140731,705,170,6,-76.0,746.0
626,650,20140801,706,170,6,-76.0,748.0
627,651,20140802,707,171,6,-76.0,749.0
628,649,20140803,708,171,6,-76.0,749.0
629,652,20140804,709,172,6,-73.0,750.0
630,653,20140805,710,172,6,-77.0,751.0
631,654,20140806,711,173,6,-75.0,751.0
632,658,20140807,712,174,6,-77.0,752.0
633,656,20140808,713,174,6,-76.0,754.0
634,655,20140809,714,175,6,-76.0,754.0
635,657,20140810,715,175,6,-73.0,755.0
636,659,20140811,716,176,6,-75.0,755.0
637,661,20140812,717,176,6,-76.0,756.0
638,660,20140813,718,177,6,-77.0,757.0
639,662,20140814,719,178,6,-77.0,758.0
640,663,20140815,720,178,6,-74.0,760.0
641,664,20140816,721,179,6,-73.0,761.0
642,665,20140817,722,179,6,-74.0,760.0
643,666,20140818,723,180,7,-73.0,761.0
644,667,20140819,724,181,7,-74.0,763.0
645,669,20140821,725,181,7,-73.0,764.0
646,668,20140822,726,182,7,-75.0,766.0
647,671,20140823,727,182,7,-76.0,766.0
648,670,20140824,728,183,7,-74.0,766.0
649,672,20140825,729,183,7,-75.0,768.0
650,676,20140826,730,184,7,-76.0,770.0
651,673,20140827,731,185,7,-75.0,771.0
652,677,20140828,732,185,7,-75.0,773.0
653,674,20140829,733,186,7,-74.0,773.0
654,675,20140830,734,186,7,-73.0,776.0
655,678,20140831,735,187,7,-73.0,776.0
656,679,20140901,736,188,7,-76.0,776.0
657,680,20140902,737,188,7,-74.0,777.0
658,681,20140903,738,189,7,-75.0,778.0
659,682,20140904,739,189,7,-77.0,779.0
660,685,20140905,740,190,7,-76.0,782.0
661,683,20140906,741,191,7,-70.0,784.0
662,684,20140907,742,191,7,-72.0,784.0
663,686,20140908,743,192,7,-72.0,786.0
664,687,20140909,744,192,7,-75.0,786.0
665,689,20140910,745,193,7,-74.0,787.0
666,688,20140911,746,194,7,-76.0,788.0
667,691,20140912,747,194,7,-73.0,789.0
668,690,20140913,748,195,7,-71.0,791.0
669,692,20140914,749,195,7,-73.0,794.0
670,693,20140915,750,196,7,-72.0,796.0
671,695,20140916,751,197,7,-72.0,797.0
672,694,20140917,752,197,7,-71.0,798.0
673,698,20140918,753,198,7,-73.0,800.0
674,696,20140919,754,198,7,-73.0,802.0
675,697,20140920,755,199,7,-74.0,806.0
676,699,20140921,756,200,7,-73.0,806.0
677,700,20140922,757,200,7,-73.0,807.0
678,701,20140923,758,201,7,-71.0,810.0
679,702,20140924,759,201,7,-77.0,809.0
680,704,20140925,760,202,7,-70.0,810.0
681,705,20140927,761,203,7,-72.0,814.0
682,703,20140928,762,203,7,-75.0,814.0
683,706,20140929,763,204,7,-78.0,817.0
684,707,20140930,764,205,7,-73.0,821.0
685,708,20141001,765,205,7,-73.0,820.0
686,709,20141002,766,206,7,-70.0,824.0
687,710,20141003,767,206,7,-71.0,824.0
688,712,20141004,768,207,7,-73.0,826.0
689,711,20141005,769,208,7,-73.0,829.0
690,713,20141006,770,208,7,-70.0,829.0
691,714,20141007,771,209,7,-71.0,836.0
692,715,20141008,772,210,8,-71.0,835.0
693,716,20141009,773,210,8,-70.0,838.0
694,719,20141010,774,211,8,-73.0,838.0
695,717,20141011,775,211,8,-71.0,838.0
696,718,20141012,776,212,8,-72.0,841.0
697,720,20141013,777,213,8,-72.0,841.0
698,721,20141014,778,213,8,-70.0,846.0
699,722,20141015,779,214,8,-71.0,845.0
700,723,20141016,780,215,8,-72.0,852.0
701,725,20141017,781,215,8,-74.0,849.0
702,724,20141018,782,216,8,-71.0,854.0
703,727,20141019,783,216,8,-69.0,853.0
704,726,20141020,784,217,8,-69.0,857.0
705,728,20141021,785,218,8,-74.0,858.0
706,729,20141022,786,218,8,-74.0,861.0
707,732,20141023,787,219,8,-73.0,860.0
708,731,20141024,788,220,8,-68.0,862.0
709,730,20141025,789,220,8,-68.0,862.0
710,733,20141026,790,221,8,-68.0,864.0
711,734,20141027,791,222,8,-70.0,867.0
712,735,20141028,792,222,8,-71.0,873.0
713,736,20141029,793,223,8,-71.0,877.0
714,739,20141030,794,223,8,-68.0,874.0
715,738,20141031,795,224,8,-68.0,875.0
716,737,20141101,796,225,8,-65.0,877.0
717,740,20141103,797,225,8,-65.0,879.0
718,741,20141104,798,226,8,-67.0,883.0
719,743,20141105,799,227,8,-70.0,884.0
720,742,20141106,800,227,8,-67.0,884.0
721,746,20141107,801,228,8,-70.0,884.0
722,745,20141108,802,229,8,-69.0,887.0
723,744,20141109,803,229,8,-69.0,888.0
724,747,20141110,804,230,8,-73.0,891.0
725,748,20141111,805,231,8,-70.0,893.0
726,750,20141112,806,231,8,-69.0,893.0
727,749,20141113,807,232,8,-71.0,892.0
728,752,20141114,808,232,8,-67.0,893.0
729,753,20141115,809,233,8,-70.0,895.0
730,751,20141116,810,234,8,-69.0,897.0
731,754,20141117,811,234,8,-71.0,900.0
732,755,20141118,812,235,8,-75.0,902.0
733,756,20141119,813,236,8,-67.0,904.0
734,757,20141120,814,236,8,-68.0,902.0
735,759,20141121,815,237,8,-69.0,905.0
736,758,20141122,816,238,8,-74.0,909.0
737,761,20141123,817,238,8,-69.0,913.0
738,760,20141124,818,239,8,-68.0,914.0
739,763,20141125,819,240,9,-71.0,913.0
740,765,20141126,820,240,9,-68.0,910.0
741,762,20141127,821,241,9,-68.0,910.0
742,764,20141128,822,242,9,-71.0,911.0
743,766,20141129,823,242,9,-69.0,912.0
744,768,20141130,824,243,9,-67.0,914.0
745,767,20141201,825,243,9,-67.0,914.0
746,770,20141202,826,244,9,-68.0,914.0
747,769,20141203,827,245,9,-68.0,911.0
748,771,20141204,828,245,9,-71.0,914.0
749,773,20141205,829,246,9,-71.0,914.0
750,772,20141206,830,247,9,-68.0,918.0
751,774,20141207,831,247,9,-68.0,920.0
752,775,20141208,832,248,9,-68.0,924.0
753,776,20141209,833,249,9,-69.0,923.0
754,777,20141211,834,249,9,-68.0,918.0
755,780,20141212,835,250,9,-69.0,917.0
756,778,20141213,836,251,9,-69.0,916.0
757,779,20141214,837,251,9,-69.0,916.0
758,782,20141215,838,252,9,-69.0,917.0
759,781,20141216,839,253,9,-70.0,917.0
760,783,20141217,840,253,9,-74.0,913.0
761,784,20141218,841,254,9,-75.0,914.0
762,790,20141219,842,255,9,-69.0,914.0
763,793,20141220,843,255,9,-69.0,916.0
764,788,20141221,844,256,9,-68.0,917.0
765,786,20141222,845,257,9,-73.0,920.0
766,785,20141223,846,257,9,-74.0,925.0
767,791,20141224,847,258,9,-69.0,918.0
768,792,20141225,848,258,9,-69.0,918.0
769,787,20141226,849,259,9,-69.0,918.0
770,789,20141227,850,260,9,-68.0,918.0
771,794,20141228,851,260,9,-68.0,919.0
772,797,20141229,852,261,9,-73.0,916.0
773,796,20141230,853,262,9,-67.0,913.0
774,798,20141231,854,262,9,-66.0,910.0
775,799,20150101,855,263,9,-69.0,912.0
776,795,20150102,856,264,9,-68.0,912.0
777,801,20150103,857,264,9,-76.0,911.0
778,800,20150104,858,265,9,-73.0,913.0
779,802,20150105,859,266,9,-72.0,915.0
780,803,20150106,860,266,9,-69.0,916.0
781,804,20150107,861,267,9,-70.0,917.0
782,807,20150108,862,268,9,-70.0,917.0
783,805,20150109,863,268,9,-72.0,916.0
784,806,20150110,864,269,9,-70.0,914.0
785,808,20150111,865,270,10,-70.0,913.0
786,809,20150112,866,270,10,-71.0,911.0
787,810,20150113,867,271,10,-71.0,910.0
788,811,20150114,868,271,10,-71.0,908.0
789,812,20150115,869,272,10,-72.0,906.0
790,813,20150117,870,273,10,-74.0,909.0
791,814,20150118,871,273,10,-70.0,903.0
792,815,20150119,872,274,10,-72.0,902.0
793,817,20150128,881,280,10,-73.0,899.0
794,818,20150129,882,280,10,-76.0,901.0
795,820,20150130,883,281,10,-74.0,897.0
796,821,20150131,884,282,10,-71.0,897.0
797,819,20150201,885,282,10,-71.0,895.0
798,823,20150202,886,283,10,-73.0,894.0
799,822,20150203,887,284,10,-73.0,897.0
800,824,20150204,888,284,10,-70.0,896.0
801,825,20150205,889,285,10,-70.0,895.0
802,826,20150206,890,286,10,-72.0,892.0
803,827,20150207,891,286,10,-72.0,892.0
804,828,20150208,892,287,10,-71.0,892.0
805,829,20150209,893,287,10,-72.0,890.0
806,830,20150210,894,288,10,-75.0,891.0
807,831,20150211,895,289,10,-72.0,889.0
808,833,20150212,896,289,10,-70.0,888.0
809,832,20150213,897,290,10,-72.0,884.0
810,834,20150214,898,291,10,-72.0,883.0
811,835,20150215,899,291,10,-75.0,881.0
812,836,20150216,900,292,10,-70.0,883.0
813,837,20150217,901,292,10,-71.0,885.0
814,838,20150218,902,293,10,-68.0,883.0
815,839,20150219,903,294,10,-71.0,882.0
816,841,20150220,904,294,10,-71.0,878.0
817,840,20150221,905,295,10,-71.0,880.0
818,843,20150222,906,296,10,-76.0,878.0
819,842,20150224,907,296,10,-75.0,879.0
820,844,20150225,908,297,10,-71.0,883.0
821,845,20150226,909,297,10,-70.0,878.0
822,847,20150227,910,298,10,-73.0,878.0
823,846,20150228,911,299,10,-70.0,874.0
824,849,20150301,912,299,10,-75.0,875.0
825,848,20150302,913,300,11,-71.0,871.0
826,850,20150303,914,300,11,-71.0,874.0
827,851,20150304,915,301,11,-71.0,878.0
828,852,20150305,916,302,11,-71.0,872.0
829,854,20150306,917,302,11,-76.0,871.0
830,853,20150307,918,303,11,-71.0,867.0
831,855,20150308,919,304,11,-74.0,870.0
832,856,20150309,920,304,11,-72.0,868.0
833,857,20150310,921,305,11,-70.0,867.0
834,858,20150311,922,305,11,-73.0,870.0
835,859,20150312,923,306,11,-72.0,867.0
836,861,20150313,924,307,11,-74.0,867.0
837,860,20150314,925,307,11,-71.0,862.0
838,862,20150315,926,308,11,-76.0,864.0
839,863,20150316,927,308,11,-76.0,862.0
840,864,20150317,928,309,11,-72.0,862.0
841,865,20150318,929,310,11,-75.0,866.0
842,868,20150319,930,310,11,-75.0,865.0
843,867,20150320,931,311,11,-69.0,864.0
844,866,20150321,932,311,11,-71.0,859.0
845,869,20150322,933,312,11,-71.0,863.0
846,870,20150323,934,313,11,-73.0,858.0
847,872,20150324,935,313,11,-75.0,862.0
848,871,20150325,936,314,11,-72.0,865.0
849,874,20150326,937,314,11,-73.0,863.0
850,876,20150329,940,316,11,-73.0,861.0
851,875,20150330,941,317,11,-74.0,857.0
852,880,20150331,942,317,11,-74.0,857.0
853,877,20150402,943,318,11,-73.0,854.0
854,878,20150403,944,318,11,-70.0,852.0
855,881,20150404,945,319,11,-72.0,851.0
856,879,20150405,946,320,11,-77.0,850.0
857,882,20150406,947,320,11,-70.0,853.0
858,883,20150407,948,321,11,-73.0,854.0
859,884,20150408,949,321,11,-72.0,851.0
860,885,20150409,950,322,11,-73.0,850.0
861,888,20150410,951,323,11,-75.0,849.0
862,886,20150411,952,323,11,-69.0,847.0
863,887,20150412,953,324,11,-71.0,847.0
864,889,20150413,954,324,11,-73.0,847.0
865,892,20150417,958,327,11,-74.0,848.0
866,891,20150418,959,327,11,-78.0,846.0
867,893,20150419,960,328,11,-76.0,846.0
868,895,20150420,961,328,11,-71.0,849.0
869,894,20150421,962,329,11,-73.0,845.0
870,896,20150422,963,329,11,-71.0,850.0
871,897,20150423,964,330,12,-72.0,847.0
872,898,20150424,965,331,12,-75.0,847.0
873,900,20150425,966,331,12,-73.0,850.0
874,899,20150426,967,332,12,-74.0,844.0
875,901,20150427,968,332,12,-71.0,848.0
876,902,20150428,969,333,12,-72.0,844.0
877,903,20150429,970,333,12,-71.0,849.0
878,906,20150430,971,334,12,-71.0,848.0
879,904,20150501,972,334,12,-73.0,847.0
880,905,20150502,973,335,12,-72.0,844.0
881,907,20150503,974,336,12,-73.0,842.0
882,908,20150504,975,336,12,-73.0,843.0
883,909,20150505,976,337,12,-75.0,842.0
884,910,20150506,977,337,12,-75.0,841.0
885,913,20150507,978,338,12,-73.0,842.0
886,912,20150509,979,338,12,-79.0,841.0
887,911,20150510,980,339,12,-73.0,840.0
888,914,20150511,981,339,12,-73.0,841.0
889,917,20150512,982,340,12,-74.0,840.0
890,916,20150513,983,340,12,-76.0,840.0
891,915,20150514,984,341,12,-74.0,840.0
892,918,20150515,985,342,12,-78.0,840.0
893,919,20150516,986,342,12,-74.0,840.0
894,920,20150517,987,343,12,-74.0,839.0
895,922,20150518,988,343,12,-75.0,840.0
896,921,20150519,989,344,12,-74.0,841.0
897,923,20150520,990,344,12,-76.0,839.0
898,926,20150521,991,345,12,-73.0,840.0
899,924,20150522,992,345,12,-73.0,842.0
900,927,20150523,993,346,12,-73.0,840.0
901,925,20150524,994,346,12,-79.0,842.0
902,929,20150525,995,347,12,-74.0,842.0
903,928,20150526,996,348,12,-72.0,842.0
904,930,20150527,997,348,12,-74.0,843.0
905,931,20150528,998,349,12,-73.0,842.0
906,932,20150530,1000,350,12,-74.0,841.0
907,933,20150531,1001,350,12,-79.0,843.0
908,936,20150601,1002,351,12,-77.0,844.0
909,934,20150602,1003,351,12,-74.0,843.0
910,935,20150603,1004,352,12,-74.0,842.0
911,939,20150604,1005,352,12,-75.0,843.0
912,941,20150605,1006,353,12,-78.0,844.0
913,937,20150606,1007,353,12,-79.0,845.0
914,940,20150607,1008,354,12,-79.0,844.0
915,946,20150608,1009,354,12,-75.0,845.0
916,947,20150609,1010,355,12,-74.0,846.0
917,948,20150610,1011,355,12,-78.0,845.0
918,949,20150611,1012,356,12,-81.0,846.0
919,953,20150612,1013,356,12,-80.0,846.0
920,950,20150613,1014,357,12,-77.0,846.0
921,951,20150614,1015,357,12,-75.0,847.0
922,952,20150616,1016,358,12,-76.0,847.0
923,955,20150617,1017,359,12,-78.0,850.0
924,956,20150618,1018,359,12,-79.0,850.0
925,954,20150619,1019,0,1,-81.0,849.0
926,938,20150620,1020,0,1,-63.0,832.0
927,942,20150621,1021,1,1,-76.0,850.0
928,944,20150622,1022,1,1,-75.0,852.0
929,943,20150623,1023,2,1,-76.0,851.0
930,945,20150624,1024,2,1,-76.0,851.0
931,958,20150625,1025,3,1,-74.0,851.0
932,957,20150626,1026,3,1,-78.0,851.0
933,960,20150628,1028,4,1,-75.0,853.0
934,959,20150629,1029,5,1,-75.0,856.0
935,961,20150630,1030,5,1,-77.0,855.0
936,963,20150701,1031,6,1,-76.0,854.0
937,962,20150702,1032,6,1,-74.0,854.0
938,965,20150703,1033,7,1,-77.0,856.0
939,964,20150704,1034,7,1,-76.0,859.0
940,966,20150705,1035,8,1,-77.0,857.0
941,967,20150706,1036,8,1,-76.0,856.0
942,968,20150707,1037,9,1,-80.0,856.0
943,969,20150708,1038,9,1,-76.0,858.0
944,970,20150709,1039,10,1,-77.0,857.0
945,972,20150710,1040,10,1,-77.0,858.0
946,971,20150711,1041,11,1,-77.0,859.0
947,973,20150712,1042,11,1,-76.0,859.0
948,974,20150713,1043,12,1,-77.0,860.0
949,975,20150714,1044,12,1,-79.0,860.0
950,978,20150715,1045,13,1,-80.0,861.0
951,979,20150716,1046,13,1,-77.0,862.0
952,977,20150717,1047,14,1,-77.0,863.0
953,976,20150718,1048,14,1,-78.0,864.0
954,980,20150719,1049,15,1,-75.0,864.0
955,981,20150720,1050,15,1,-76.0,863.0
956,983,20150721,1051,16,1,-76.0,864.0
957,982,20150723,1052,16,1,-78.0,865.0
958,984,20150724,1053,17,1,-79.0,865.0
959,985,20150725,1054,17,1,-77.0,867.0
960,987,20150726,1055,17,1,-77.0,868.0
961,986,20150727,1056,18,1,-76.0,868.0
962,988,20150728,1057,18,1,-78.0,867.0
963,989,20150729,1058,19,1,-78.0,868.0
964,990,20150730,1059,19,1,-78.0,870.0
965,992,20150731,1060,20,1,-78.0,870.0
966,993,20150801,1061,20,1,-77.0,871.0
967,991,20150802,1062,21,1,-77.0,871.0
968,994,20150803,1063,21,1,-79.0,871.0
969,996,20150804,1064,22,1,-77.0,871.0
970,995,20150805,1065,22,1,-78.0,873.0
971,997,20150806,1066,23,1,-78.0,875.0
972,998,20150807,1067,23,1,-79.0,875.0
973,1000,20150808,1068,24,1,-76.0,874.0
974,999,20150809,1069,24,1,-77.0,876.0
975,1001,20150810,1070,25,1,-80.0,877.0
976,1002,20150811,1071,25,1,-78.0,878.0
977,1003,20150812,1072,26,1,-78.0,879.0
978,1004,20150813,1073,26,1,-82.0,879.0
979,1005,20150814,1074,27,1,-77.0,878.0
980,1006,20150815,1075,27,1,-77.0,879.0
981,1007,20150816,1076,28,1,-81.0,880.0
982,1008,20150817,1077,28,1,-79.0,880.0
983,1009,20150818,1078,29,1,-80.0,881.0
984,1010,20150819,1079,29,1,-80.0,882.0
985,1013,20150820,1080,29,1,-77.0,882.0
986,1011,20150821,1081,30,2,-77.0,882.0
987,1012,20150822,1082,30,2,-79.0,882.0
988,1014,20150823,1083,31,2,-80.0,883.0
989,1015,20150824,1084,31,2,-78.0,885.0
990,1017,20150825,1085,32,2,-79.0,886.0
991,1016,20150826,1086,32,2,-77.0,885.0
992,1019,20150827,1087,33,2,-78.0,885.0
993,1020,20150829,1088,33,2,-77.0,885.0
994,1018,20150830,1089,34,2,-76.0,885.0
995,1021,20150831,1090,34,2,-78.0,886.0
996,1022,20150901,1091,35,2,-77.0,886.0
997,1023,20150902,1092,35,2,-79.0,886.0
998,1024,20150903,1093,36,2,-77.0,887.0
999,1026,20150904,1094,36,2,-80.0,888.0
1000,1027,20150905,1095,36,2,-79.0,888.0
1001,1025,20150906,1096,37,2,-79.0,888.0
1002,1028,20150907,1097,37,2,-78.0,889.0
1003,1029,20150908,1098,38,2,-77.0,890.0
1004,1030,20150909,1099,38,2,-78.0,891.0
1005,1031,20150910,1100,39,2,-79.0,890.0
1006,1034,20150911,1101,39,2,-80.0,891.0
1007,1032,20150912,1102,40,2,-84.0,892.0
1008,1033,20150913,1103,40,2,-81.0,893.0
1009,1035,20150914,1104,41,2,-79.0,893.0
1010,1036,20150915,1105,41,2,-78.0,892.0
1011,1037,20150916,1106,42,2,-82.0,893.0
1012,1040,20150917,1107,42,2,-79.0,893.0
1013,1038,20150918,1108,42,2,-78.0,895.0
1014,1039,20150919,1109,43,2,-82.0,895.0
1015,1041,20150920,1110,43,2,-81.0,895.0
1016,1042,20150921,1111,44,2,-79.0,896.0
1017,1043,20150922,1112,44,2,-80.0,895.0
1018,1044,20150923,1113,45,2,-79.0,895.0
1019,1045,20150924,1114,45,2,-79.0,896.0
1020,1047,20150925,1115,46,2,-80.0,897.0
1021,1046,20150926,1116,46,2,-79.0,898.0
1022,1048,20150927,1117,47,2,-79.0,898.0
1023,1049,20150928,1118,47,2,-80.0,898.0
1024,1050,20150929,1119,48,2,-81.0,899.0
1025,1051,20150930,1120,48,2,-80.0,900.0
1026,1052,20151001,1121,48,2,-81.0,901.0
1027,1053,20151002,1122,49,2,-79.0,901.0
1028,1054,20151003,1123,49,2,-79.0,900.0
1029,1055,20151004,1124,50,2,-80.0,900.0
1030,1056,20151006,1125,50,2,-79.0,900.0
1031,1057,20151007,1126,51,2,-79.0,901.0
1032,1058,20151008,1127,51,2,-80.0,901.0
1033,1059,20151009,1128,52,2,-79.0,902.0
1034,1060,20151010,1129,52,2,-80.0,902.0
1035,1061,20151011,1130,53,2,-81.0,902.0
1036,1062,20151012,1131,53,2,-81.0,902.0
1037,1063,20151013,1132,53,2,-82.0,902.0
1038,1064,20151014,1133,54,2,-82.0,902.0
1039,1065,20151015,1134,54,2,-80.0,902.0
1040,1069,20151016,1135,55,2,-81.0,901.0
1041,1066,20151017,1136,55,2,-82.0,901.0
1042,1068,20151018,1137,56,2,-81.0,901.0
1043,1067,20151019,1138,56,2,-82.0,901.0
1044,1070,20151020,1139,57,2,-80.0,901.0
1045,1071,20151021,1140,57,2,-81.0,901.0
1046,1072,20151022,1141,57,2,-82.0,902.0
1047,1073,20151023,1142,58,2,-82.0,902.0
1048,1074,20151024,1143,58,2,-82.0,901.0
1049,1075,20151025,1144,59,2,-82.0,902.0
1050,1076,20151026,1145,59,2,-82.0,903.0
1051,1077,20151027,1146,60,3,-82.0,902.0
1052,1078,20151028,1147,60,3,-80.0,901.0
1053,1080,20151029,1148,61,3,-80.0,901.0
1054,1079,20151030,1149,61,3,-81.0,902.0
1055,1081,20151031,1150,62,3,-82.0,902.0
1056,1082,20151101,1151,62,3,-82.0,901.0
1057,1086,20151102,1152,62,3,-80.0,901.0
1058,1083,20151103,1153,63,3,-82.0,900.0
1059,1088,20151104,1154,63,3,-84.0,900.0
1060,1084,20151105,1155,64,3,-84.0,900.0
1061,1085,20151106,1156,64,3,-84.0,900.0
1062,1087,20151107,1157,65,3,-82.0,900.0
1063,1089,20151108,1158,65,3,-82.0,898.0
1064,1090,20151109,1159,66,3,-82.0,898.0
1065,1091,20151110,1160,66,3,-80.0,899.0
1066,1092,20151112,1161,66,3,-83.0,898.0
1067,1093,20151113,1162,67,3,-84.0,897.0
1068,1094,20151114,1163,67,3,-86.0,896.0
1069,1095,20151115,1164,68,3,-86.0,896.0
1070,1096,20151116,1165,68,3,-84.0,897.0
1071,1097,20151117,1166,69,3,-84.0,895.0
1072,1098,20151118,1167,69,3,-84.0,894.0
1073,1102,20151119,1168,70,3,-84.0,894.0
1074,1100,20151120,1169,70,3,-89.0,894.0
1075,1101,20151121,1170,71,3,-85.0,893.0
1076,1099,20151122,1171,71,3,-87.0,892.0
1077,1104,20151123,1172,71,3,-87.0,892.0
1078,1103,20151124,1173,72,3,-87.0,892.0
1079,1105,20151125,1174,72,3,-85.0,891.0
1080,1106,20151126,1175,73,3,-85.0,890.0
1081,1107,20151127,1176,73,3,-84.0,890.0
1082,1108,20151128,1177,74,3,-84.0,888.0
1083,1109,20151129,1178,74,3,-86.0,888.0
1084,1110,20151130,1179,75,3,-85.0,887.0
1085,1111,20151201,1180,75,3,-86.0,886.0
1086,1112,20151202,1181,75,3,-86.0,885.0
1087,1114,20151203,1182,76,3,-85.0,884.0
1088,1113,20151204,1183,76,3,-86.0,883.0
1089,1115,20151205,1184,77,3,-85.0,882.0
1090,1116,20151206,1185,77,3,-84.0,881.0
1091,1117,20151207,1186,78,3,-86.0,881.0
1092,1118,20151208,1187,78,3,-84.0,881.0
1093,1119,20151209,1188,79,3,-90.0,881.0
1094,1120,20151210,1189,79,3,-87.0,879.0
1095,1121,20151211,1190,79,3,-87.0,877.0
1096,1122,20151212,1191,80,3,-87.0,876.0
1097,1123,20151213,1192,80,3,-86.0,876.0
1098,1124,20151214,1193,81,3,-84.0,875.0
1099,1125,20151215,1194,81,3,-84.0,873.0
1100,1126,20151216,1195,82,3,-86.0,872.0
1101,1129,20151217,1196,82,3,-86.0,871.0
1102,1127,20151218,1197,83,3,-85.0,869.0
1103,1128,20151220,1198,83,3,-86.0,868.0
1104,1130,20151221,1199,84,3,-86.0,868.0
1105,1131,20151222,1200,84,3,-84.0,866.0
1106,1132,20151223,1201,84,3,-85.0,866.0
1107,1133,20151224,1202,85,3,-85.0,864.0
1108,1136,20151225,1203,85,3,-85.0,863.0
1109,1135,20151226,1204,86,3,-84.0,862.0
1110,1134,20151227,1205,86,3,-86.0,861.0
1111,1137,20151228,1206,87,3,-85.0,859.0
1112,1138,20151229,1207,87,3,-85.0,858.0
1113,1139,20151230,1208,88,3,-85.0,857.0
1114,1141,20151231,1209,88,3,-85.0,855.0
1115,1140,20160101,1210,88,3,-85.0,854.0
1116,1142,20160102,1211,89,3,-83.0,853.0
1117,1143,20160103,1212,89,3,-86.0,851.0
1118,1145,20160104,1213,90,4,-84.0,851.0
1119,1144,20160105,1214,90,4,-85.0,849.0
1120,1146,20160106,1215,91,4,-85.0,848.0
1121,1147,20160107,1216,91,4,-86.0,847.0
1122,1148,20160108,1217,92,4,-88.0,846.0
1123,1149,20160109,1218,92,4,-86.0,845.0
1124,1150,20160110,1219,93,4,-87.0,844.0
1125,1151,20160111,1220,93,4,-87.0,842.0
1126,1152,20160112,1221,93,4,-87.0,841.0
1127,1153,20160113,1222,94,4,-87.0,840.0
1128,1155,20160114,1223,94,4,-88.0,839.0
1129,1154,20160115,1224,95,4,-88.0,837.0
1130,1156,20160116,1225,95,4,-87.0,836.0
1131,1157,20160117,1226,96,4,-87.0,835.0
1132,1158,20160118,1227,96,4,-88.0,833.0
1133,1159,20160119,1228,97,4,-88.0,832.0
1134,1160,20160120,1229,97,4,-88.0,831.0
1135,1161,20160121,1230,98,4,-88.0,830.0
1136,1162,20160122,1231,98,4,-88.0,828.0
1137,1163,20160123,1232,99,4,-88.0,827.0
1138,1164,20160124,1233,99,4,-88.0,826.0
1139,1166,20160126,1234,99,4,-88.0,824.0
1140,1165,20160127,1235,100,4,-88.0,824.0
1141,1170,20160128,1236,100,4,-87.0,822.0
1142,1169,20160129,1237,101,4,-88.0,820.0
1143,1167,20160130,1238,101,4,-87.0,819.0
1144,1168,20160131,1239,102,4,-89.0,818.0
1145,1171,20160201,1240,102,4,-87.0,816.0
1146,1172,20160202,1241,103,4,-87.0,816.0
1147,1173,20160203,1242,103,4,-87.0,815.0
1148,1174,20160204,1243,104,4,-86.0,814.0
1149,1175,20160205,1244,104,4,-85.0,812.0
1150,1176,20160206,1245,105,4,-86.0,811.0
1151,1178,20160207,1246,105,4,-85.0,810.0
1152,1177,20160208,1247,105,4,-85.0,809.0
1153,1179,20160209,1248,106,4,-86.0,807.0
1154,1180,20160210,1249,106,4,-85.0,806.0
1155,1182,20160211,1250,107,4,-85.0,804.0
1156,1185,20160212,1251,107,4,-85.0,803.0
1157,1184,20160213,1252,108,4,-85.0,802.0
1158,1181,20160214,1253,108,4,-85.0,800.0
1159,1183,20160215,1254,109,4,-84.0,799.0
1160,1187,20160216,1255,109,4,-84.0,798.0
1161,1186,20160217,1256,110,4,-84.0,797.0
1162,1188,20160218,1257,110,4,-84.0,794.0
1163,1189,20160219,1258,111,4,-83.0,794.0
1164,1190,20160220,1259,111,4,-84.0,794.0
1165,1191,20160221,1260,112,4,-83.0,792.0
1166,1192,20160222,1261,112,4,-81.0,790.0
1167,1193,20160223,1262,112,4,-81.0,790.0
1168,1194,20160224,1263,113,4,-84.0,788.0
1169,1195,20160225,1264,113,4,-84.0,787.0
1170,1197,20160226,1265,114,4,-81.0,787.0
1171,1196,20160227,1266,114,4,-82.0,787.0
1172,1198,20160228,1267,115,4,-83.0,786.0
1173,1199,20160229,1268,115,4,-83.0,784.0
1174,1201,20160301,1269,116,4,-83.0,782.0
1175,1200,20160303,1270,116,4,-82.0,782.0
1176,1202,20160304,1271,117,4,-84.0,781.0
1177,1203,20160305,1272,117,4,-81.0,780.0
1178,1204,20160306,1273,118,4,-79.0,778.0
1179,1205,20160307,1274,118,4,-82.0,777.0
1180,1206,20160308,1275,119,4,-82.0,775.0
1181,1207,20160309,1276,119,4,-83.0,774.0
1182,1208,20160310,1277,120,5,-84.0,774.0
1183,1210,20160311,1278,120,5,-83.0,773.0
1184,1209,20160312,1279,121,5,-83.0,772.0
1185,1211,20160313,1280,121,5,-84.0,771.0
1186,1212,20160314,1281,122,5,-83.0,769.0
1187,1213,20160315,1282,122,5,-81.0,768.0
1188,1214,20160316,1283,123,5,-82.0,767.0
1189,1216,20160317,1284,123,5,-80.0,767.0
1190,1217,20160318,1285,123,5,-80.0,766.0
1191,1215,20160319,1286,124,5,-80.0,765.0
1192,1218,20160320,1287,124,5,-80.0,764.0
1193,1219,20160321,1288,125,5,-80.0,763.0
1194,1220,20160324,1291,126,5,-80.0,760.0
1195,1222,20160325,1292,127,5,-81.0,760.0
1196,1221,20160326,1293,127,5,-81.0,758.0
1197,1223,20160327,1294,128,5,-79.0,758.0
1198,1224,20160328,1295,128,5,-79.0,757.0
1199,1226,20160329,1296,129,5,-79.0,756.0
1200,1225,20160330,1297,129,5,-80.0,755.0
1201,1229,20160331,1298,130,5,-79.0,755.0
1202,1228,20160401,1299,130,5,-80.0,753.0
1203,1227,20160402,1300,131,5,-79.0,752.0
1204,1230,20160403,1301,131,5,-78.0,752.0
1205,1231,20160404,1302,132,5,-80.0,751.0
1206,1232,20160405,1303,132,5,-78.0,751.0
1207,1233,20160406,1304,133,5,-80.0,750.0
1208,1235,20160407,1305,133,5,-80.0,749.0
1209,1234,20160408,1306,134,5,-79.0,748.0
1210,1236,20160410,1307,134,5,-80.0,748.0
1211,1237,20160411,1308,135,5,-81.0,748.0
1212,1238,20160412,1309,135,5,-81.0,747.0
1213,1239,20160413,1310,136,5,-76.0,745.0
1214,1240,20160414,1311,136,5,-78.0,745.0
1215,1243,20160415,1312,137,5,-77.0,745.0
1216,1241,20160416,1313,137,5,-77.0,745.0
1217,1242,20160417,1314,138,5,-78.0,744.0
1218,1244,20160418,1315,138,5,-77.0,744.0
1219,1245,20160419,1316,139,5,-80.0,744.0
1220,1246,20160420,1317,139,5,-80.0,743.0
1221,1247,20160421,1318,140,5,-80.0,743.0
1222,1248,20160422,1319,140,5,-78.0,742.0
1223,1250,20160423,1320,141,5,-77.0,741.0
1224,1249,20160424,1321,141,5,-77.0,740.0
1225,1251,20160425,1322,142,5,-78.0,740.0
1226,1252,20160426,1323,142,5,-77.0,738.0
1227,1253,20160427,1324,143,5,-78.0,738.0
1228,1256,20160428,1325,144,5,-78.0,738.0
1229,1254,20160429,1326,144,5,-77.0,738.0
1230,1255,20160430,1327,145,5,-76.0,736.0
1231,1257,20160501,1328,145,5,-77.0,735.0
1232,1258,20160502,1329,146,5,-74.0,735.0
1233,1259,20160503,1330,146,5,-78.0,734.0
1234,1260,20160504,1331,147,5,-76.0,734.0
1235,1262,20160505,1332,147,5,-78.0,734.0
1236,1263,20160506,1333,148,5,-76.0,733.0
1237,1261,20160507,1334,148,5,-77.0,732.0
1238,1264,20160508,1335,149,5,-77.0,732.0
1239,1265,20160509,1336,149,5,-75.0,732.0
1240,1266,20160510,1337,150,6,-76.0,734.0
1241,1267,20160511,1338,150,6,-75.0,734.0
1242,1268,20160512,1339,151,6,-77.0,733.0
1243,1269,20160513,1340,151,6,-76.0,734.0
1244,1270,20160514,1341,152,6,-76.0,735.0
1245,1271,20160515,1342,152,6,-80.0,735.0
1246,1272,20160517,1343,153,6,-74.0,735.0
1247,1273,20160518,1344,153,6,-75.0,734.0
1248,1276,20160519,1345,154,6,-75.0,735.0
1249,1274,20160520,1346,155,6,-75.0,737.0
1250,1277,20160521,1347,155,6,-75.0,736.0
1251,1275,20160522,1348,156,6,-76.0,735.0
1252,1278,20160523,1349,156,6,-73.0,737.0
1253,1279,20160524,1350,157,6,-73.0,738.0
1254,1280,20160525,1351,157,6,-72.0,739.0
1255,1283,20160526,1352,158,6,-73.0,736.0
1256,1281,20160527,1353,158,6,-76.0,737.0
1257,1282,20160528,1354,159,6,-75.0,739.0
1258,1284,20160529,1355,159,6,-75.0,740.0
1259,1286,20160530,1356,160,6,-74.0,739.0
1260,1285,20160531,1357,160,6,-72.0,738.0
1261,1287,20160601,1358,161,6,-74.0,738.0
1262,1288,20160602,1359,162,6,-76.0,739.0
1263,1289,20160603,1360,162,6,-76.0,739.0
1264,1290,20160604,1361,163,6,-75.0,739.0
1265,1291,20160605,1362,163,6,-74.0,739.0
1266,1292,20160606,1363,164,6,-75.0,740.0
1267,1293,20160607,1364,164,6,-74.0,740.0
1268,1294,20160608,1365,165,6,-74.0,739.0
1269,1295,20160609,1366,165,6,-75.0,740.0
1270,1296,20160610,1367,166,6,-74.0,743.0
1271,1297,20160611,1368,167,6,-74.0,743.0
1272,1299,20160612,1369,167,6,-73.0,742.0
1273,1298,20160613,1370,168,6,-74.0,744.0
1274,1301,20160614,1371,168,6,-75.0,746.0
1275,1300,20160615,1372,169,6,-74.0,745.0
1276,1303,20160616,1373,169,6,-74.0,746.0
1277,1302,20160617,1374,170,6,-75.0,748.0
1278,1304,20160618,1375,170,6,-73.0,749.0
1279,1305,20160619,1376,171,6,-75.0,749.0
1280,1306,20160620,1377,172,6,-76.0,749.0
1281,1308,20160621,1378,172,6,-76.0,751.0
1282,1307,20160623,1379,173,6,-77.0,751.0
1283,1311,20160624,1380,173,6,-74.0,751.0
1284,1309,20160625,1381,174,6,-73.0,751.0
1285,1310,20160626,1382,174,6,-76.0,752.0
1286,1312,20160627,1383,175,6,-73.0,752.0
1287,1313,20160628,1384,176,6,-74.0,753.0
1288,1314,20160629,1385,176,6,-75.0,755.0
1289,1315,20160630,1386,177,6,-74.0,755.0
1290,1316,20160701,1387,177,6,-74.0,755.0
1291,1317,20160702,1388,178,6,-73.0,756.0
1292,1318,20160712,1398,184,7,-66.0,751.0
1293,1319,20160713,1399,184,7,-73.0,770.0
1294,1322,20160714,1400,185,7,-73.0,770.0
1295,1321,20160715,1401,185,7,-73.0,770.0
1296,1320,20160716,1402,186,7,-75.0,771.0
1297,1323,20160717,1403,187,7,-75.0,771.0
1298,1324,20160718,1404,187,7,-75.0,774.0
1299,1325,20160719,1405,188,7,-75.0,775.0
1300,1328,20160720,1406,188,7,-76.0,775.0
1301,1329,20160721,1407,189,7,-74.0,779.0
1302,1327,20160722,1408,190,7,-75.0,779.0
1303,1326,20160723,1409,190,7,-74.0,781.0
1304,1330,20160724,1410,191,7,-72.0,782.0
1305,1331,20160725,1411,191,7,-72.0,782.0
1306,1333,20160726,1412,192,7,-78.0,784.0
1307,1332,20160727,1413,193,7,-72.0,784.0
1308,1336,20160728,1414,193,7,-73.0,785.0
1309,1334,20160729,1415,194,7,-72.0,787.0
1310,1335,20160731,1416,194,7,-72.0,791.0
1311,1337,20160801,1417,195,7,-70.0,791.0
1312,1338,20160802,1418,196,7,-73.0,793.0
1313,1339,20160803,1419,196,7,-73.0,793.0
1314,1340,20160804,1420,197,7,-71.0,793.0
1315,1343,20160805,1421,197,7,-72.0,797.0
1316,1342,20160806,1422,198,7,-72.0,798.0
1317,1341,20160807,1423,199,7,-71.0,800.0
1318,1344,20160808,1424,199,7,-72.0,803.0
1319,1345,20160809,1425,200,7,-72.0,804.0
1320,1346,20160810,1426,200,7,-71.0,803.0
1321,1347,20160811,1427,201,7,-72.0,807.0
1322,1348,20160812,1428,202,7,-72.0,808.0
1323,1349,20160813,1429,202,7,-70.0,810.0
1324,1351,20160814,1430,203,7,-69.0,810.0
1325,1350,20160815,1431,204,7,-69.0,811.0
1326,1352,20160816,1432,204,7,-71.0,813.0
1327,1353,20160817,1433,205,7,-70.0,818.0
1328,1356,20160818,1434,205,7,-70.0,818.0
1329,1355,20160819,1435,206,7,-71.0,823.0
1330,1354,20160820,1436,207,7,-72.0,825.0
1331,1357,20160821,1437,207,7,-71.0,821.0
1332,1358,20160822,1438,208,7,-68.0,823.0
1333,1360,20160823,1439,208,7,-71.0,828.0
1334,1359,20160824,1440,209,7,-70.0,828.0
1335,1361,20160825,1441,210,8,-74.0,828.0
1336,1362,20160826,1442,210,8,-68.0,829.0
1337,1363,20160827,1443,211,8,-69.0,831.0
1338,1364,20160828,1444,212,8,-69.0,833.0
1339,1365,20160829,1445,212,8,-69.0,836.0
1340,1366,20160830,1446,213,8,-70.0,841.0
1341,1367,20160831,1447,214,8,-74.0,841.0
1342,1369,20160901,1448,214,8,-69.0,841.0
1343,1368,20160902,1449,215,8,-71.0,841.0
1344,1370,20160903,1450,215,8,-69.0,842.0
1345,1371,20160904,1451,216,8,-71.0,842.0
1346,1373,20160906,1452,217,8,-74.0,845.0
1347,1372,20160907,1453,217,8,-73.0,850.0
1348,1374,20160908,1454,218,8,-69.0,854.0
1349,1377,20160909,1455,219,8,-70.0,858.0
1350,1376,20160910,1456,219,8,-69.0,859.0
1351,1375,20160911,1457,220,8,-69.0,860.0
1352,1378,20160912,1458,220,8,-69.0,859.0
1353,1379,20160913,1459,221,8,-71.0,861.0
1354,1380,20160914,1460,222,8,-70.0,865.0
1355,1382,20160915,1461,222,8,-69.0,870.0
1356,1381,20160916,1462,223,8,-68.0,871.0
1357,1383,20160917,1463,224,8,-68.0,871.0
1358,1384,20160918,1464,224,8,-71.0,871.0
1359,1385,20160919,1465,225,8,-68.0,870.0
1360,1386,20160920,1466,226,8,-67.0,873.0
1361,1387,20160921,1467,226,8,-69.0,877.0
1362,1388,20160922,1468,227,8,-70.0,879.0
1363,1389,20160923,1469,228,8,-72.0,881.0
1364,1391,20160924,1470,228,8,-70.0,879.0
1365,1392,20160925,1471,229,8,-71.0,880.0
1366,1390,20160926,1472,229,8,-68.0,879.0
1367,1393,20160927,1473,230,8,-67.0,881.0
1368,1394,20160928,1474,231,8,-68.0,889.0
1369,1396,20160929,1475,231,8,-72.0,890.0
1370,1395,20160930,1476,232,8,-69.0,888.0
1371,1397,20161001,1477,233,8,-72.0,888.0
1372,1399,20161002,1478,233,8,-68.0,887.0
1373,1398,20161003,1479,234,8,-66.0,890.0
1374,1400,20161004,1480,235,8,-68.0,893.0
1375,1401,20161005,1481,235,8,-70.0,893.0
1376,1403,20161006,1482,236,8,-68.0,893.0
1377,1402,20161007,1483,237,8,-68.0,892.0
1378,1404,20161008,1484,237,8,-68.0,895.0
1379,1405,20161009,1485,238,8,-71.0,899.0
1380,1406,20161010,1486,239,8,-71.0,901.0
1381,1407,20161011,1487,239,8,-68.0,901.0
1382,1408,20161012,1488,240,9,-69.0,902.0
1383,1410,20161014,1489,240,9,-68.0,903.0
1384,1411,20161015,1490,241,9,-66.0,904.0
1385,1409,20161016,1491,242,9,-69.0,906.0
1386,1412,20161017,1492,242,9,-68.0,910.0
1387,1413,20161018,1493,243,9,-70.0,905.0
1388,1414,20161019,1494,244,9,-70.0,904.0
1389,1416,20161020,1495,244,9,-71.0,903.0
1390,1415,20161021,1496,245,9,-72.0,906.0
1391,1417,20161022,1497,246,9,-68.0,909.0
1392,1418,20161023,1498,246,9,-68.0,907.0
1393,1419,20161024,1499,247,9,-69.0,903.0
1394,1420,20161025,1500,248,9,-70.0,903.0
1395,1421,20161026,1501,248,9,-69.0,903.0
1396,1422,20161027,1502,249,9,-69.0,907.0
1397,1424,20161028,1503,250,9,-70.0,909.0
1398,1423,20161029,1504,250,9,-69.0,910.0
1399,1425,20161030,1505,251,9,-69.0,906.0
1400,1426,20161031,1506,252,9,-71.0,907.0
1401,1427,20161101,1507,252,9,-70.0,907.0
1402,1428,20161102,1508,253,9,-70.0,907.0
1403,1430,20161103,1509,254,9,-70.0,910.0
1404,1431,20161104,1510,254,9,-70.0,908.0
1405,1429,20161105,1511,255,9,-77.0,908.0
1406,1432,20161106,1512,255,9,-78.0,906.0
1407,1433,20161107,1513,256,9,-74.0,907.0
1408,1434,20161108,1514,257,9,-73.0,906.0
1409,1435,20161109,1515,257,9,-76.0,906.0
1410,1436,20161110,1516,258,9,-71.0,909.0
1411,1437,20161111,1517,259,9,-76.0,911.0
1412,1438,20161112,1518,259,9,-78.0,909.0
1413,1440,20161113,1519,260,9,-72.0,906.0
1414,1439,20161114,1520,261,9,-73.0,905.0
1415,1441,20161115,1521,261,9,-71.0,905.0
1416,1442,20161116,1522,262,9,-71.0,905.0
1417,1443,20161117,1523,263,9,-77.0,905.0
1418,1444,20161118,1524,263,9,-76.0,904.0
1419,1445,20161120,1525,264,9,-74.0,902.0
1420,1446,20161121,1526,265,9,-72.0,900.0
1421,1449,20161122,1527,265,9,-71.0,900.0
1422,1450,20161123,1528,266,9,-72.0,898.0
1423,1451,20161124,1529,267,9,-73.0,900.0
1424,1452,20161125,1530,267,9,-71.0,899.0
1425,1447,20161126,1531,268,9,-76.0,900.0
1426,1448,20161127,1532,268,9,-72.0,900.0
1427,1453,20161128,1533,269,9,-72.0,896.0
1428,1454,20161129,1534,270,10,-73.0,898.0
1429,1455,20161130,1535,270,10,-73.0,900.0
1430,1456,20161201,1536,271,10,-71.0,901.0
1431,1458,20161202,1537,272,10,-74.0,900.0
1432,1457,20161203,1538,272,10,-73.0,898.0
1433,1459,20161204,1539,273,10,-74.0,896.0
1434,1460,20161205,1540,274,10,-72.0,896.0
1435,1461,20161206,1541,274,10,-76.0,895.0
1436,1462,20161207,1542,275,10,-73.0,895.0
1437,1464,20161208,1543,276,10,-74.0,896.0
1438,1463,20161209,1544,276,10,-71.0,894.0
1439,1465,20161210,1545,277,10,-73.0,891.0
1440,1467,20161211,1546,277,10,-73.0,889.0
1441,1466,20161212,1547,278,10,-75.0,887.0
1442,1468,20161213,1548,279,10,-76.0,887.0
1443,1469,20161214,1549,279,10,-76.0,887.0
1444,1472,20161215,1550,280,10,-71.0,888.0
1445,1471,20161216,1551,281,10,-71.0,886.0
1446,1470,20161217,1552,281,10,-74.0,886.0
1447,1474,20161218,1553,282,10,-77.0,884.0
1448,1473,20161219,1554,283,10,-70.0,882.0
1449,1477,20161220,1555,283,10,-71.0,883.0
1450,1478,20161221,1556,284,10,-72.0,883.0
1451,1475,20161222,1557,284,10,-70.0,883.0
1452,1476,20161223,1558,285,10,-72.0,880.0
1453,1484,20161224,1559,286,10,-76.0,879.0
1454,1482,20161225,1560,286,10,-76.0,877.0
1455,1485,20161227,1561,287,10,-77.0,877.0
1456,1479,20161228,1562,288,10,-73.0,877.0
1457,1483,20161229,1563,288,10,-75.0,879.0
1458,1481,20161230,1564,289,10,-70.0,877.0
1459,1480,20161231,1565,290,10,-72.0,874.0
1460,1487,20170101,1566,290,10,-76.0,876.0
1461,1486,20170102,1567,291,10,-70.0,872.0
1462,1488,20170103,1568,291,10,-71.0,876.0
1463,1492,20170104,1569,292,10,-70.0,873.0
1464,1491,20170105,1570,293,10,-71.0,873.0
1465,1490,20170106,1571,293,10,-70.0,873.0
1466,1489,20170107,1572,294,10,-81.0,869.0
1467,1493,20170108,1573,295,10,-74.0,872.0
1468,1495,20170109,1574,295,10,-72.0,868.0
1469,1494,20170110,1575,296,10,-73.0,871.0
1470,1496,20170111,1576,296,10,-72.0,869.0
1471,1498,20170112,1577,297,10,-72.0,866.0
1472,1499,20170113,1578,298,10,-74.0,868.0
1473,1500,20170114,1579,298,10,-73.0,862.0
1474,1497,20170115,1580,299,10,-72.0,867.0
1475,1501,20170116,1581,299,10,-72.0,862.0
1476,1503,20170117,1582,300,11,-74.0,862.0
1477,1502,20170118,1583,301,11,-75.0,862.0
1478,1505,20170119,1584,301,11,-77.0,860.0
1479,1506,20170120,1585,302,11,-76.0,864.0
1480,1504,20170121,1586,303,11,-72.0,858.0
1481,1508,20170122,1587,303,11,-73.0,860.0
1482,1507,20170123,1588,304,11,-72.0,858.0
1483,1510,20170124,1589,304,11,-72.0,857.0
1484,1509,20170125,1590,305,11,-76.0,860.0
1485,1512,20170126,1591,306,11,-73.0,852.0
1486,1511,20170127,1592,306,11,-71.0,857.0
1487,1513,20170128,1593,307,11,-72.0,852.0
1488,1514,20170129,1594,307,11,-74.0,855.0
1489,1515,20170130,1595,308,11,-71.0,855.0
1490,1516,20170131,1596,309,11,-74.0,850.0
1491,1517,20170201,1597,309,11,-73.0,855.0
1492,1519,20170203,1598,310,11,-70.0,849.0
1493,1518,20170204,1599,310,11,-72.0,853.0
1494,1520,20170205,1600,311,11,-71.0,850.0
1495,1522,20170206,1601,312,11,-71.0,853.0
1496,1521,20170207,1602,312,11,-77.0,852.0
1497,1523,20170208,1603,313,11,-76.0,847.0
1498,1524,20170209,1604,313,11,-77.0,850.0
1499,1526,20170210,1605,314,11,-73.0,846.0
1500,1525,20170211,1606,315,11,-75.0,850.0
1501,1528,20170212,1607,315,11,-77.0,846.0
1502,1527,20170213,1608,316,11,-72.0,847.0
1503,1529,20170214,1609,316,11,-71.0,847.0
1504,1534,20170218,1613,319,11,-72.0,846.0
1505,1533,20170219,1614,319,11,-73.0,837.0
1506,1536,20170220,1615,320,11,-73.0,842.0
1507,1535,20170221,1616,320,11,-73.0,848.0
1508,1537,20170222,1617,321,11,-72.0,840.0
1509,1540,20170223,1618,322,11,-71.0,845.0
1510,1538,20170224,1619,322,11,-73.0,841.0
1511,1539,20170225,1620,323,11,-70.0,844.0
1512,1541,20170226,1621,323,11,-73.0,842.0
1513,1542,20170227,1622,324,11,-71.0,841.0
1514,1544,20170228,1623,324,11,-71.0,840.0
1515,1543,20170301,1624,325,11,-72.0,837.0
1516,1546,20170302,1625,326,11,-71.0,839.0
1517,1545,20170303,1626,326,11,-71.0,839.0
1518,1547,20170304,1627,327,11,-72.0,838.0
1519,1549,20170305,1628,327,11,-71.0,839.0
1520,1548,20170306,1629,328,11,-74.0,837.0
1521,1551,20170307,1630,328,11,-77.0,838.0
1522,1550,20170308,1631,329,11,-77.0,837.0
1523,1552,20170309,1632,330,12,-72.0,836.0
1524,1554,20170310,1633,330,12,-75.0,834.0
1525,1553,20170312,1634,331,12,-72.0,834.0
1526,1555,20170313,1635,331,12,-73.0,833.0
1527,1556,20170314,1636,332,12,-72.0,834.0
1528,1557,20170315,1637,332,12,-73.0,833.0
1529,1559,20170316,1638,333,12,-73.0,833.0
1530,1558,20170317,1639,334,12,-71.0,832.0
1531,1561,20170318,1640,334,12,-72.0,832.0
1532,1560,20170319,1641,335,12,-72.0,831.0
1533,1564,20170320,1642,335,12,-72.0,829.0
1534,1563,20170321,1643,336,12,-74.0,832.0
1535,1562,20170322,1644,336,12,-74.0,832.0
1536,1567,20170323,1645,337,12,-74.0,832.0
1537,1565,20170324,1646,337,12,-74.0,831.0
1538,1566,20170325,1647,338,12,-73.0,831.0
1539,1568,20170326,1648,339,12,-73.0,830.0
1540,1569,20170327,1649,339,12,-74.0,830.0
1541,1570,20170328,1650,340,12,-75.0,833.0
1542,1571,20170329,1651,340,12,-77.0,833.0
1543,1572,20170330,1652,341,12,-76.0,834.0
1544,1573,20170331,1653,341,12,-75.0,833.0
1545,1575,20170401,1654,342,12,-75.0,829.0
1546,1574,20170402,1655,342,12,-76.0,831.0
1547,1576,20170403,1656,343,12,-75.0,832.0
1548,1578,20170404,1657,343,12,-75.0,836.0
1549,1577,20170405,1658,344,12,-77.0,835.0
1550,1579,20170406,1659,345,12,-77.0,832.0
1551,1581,20170407,1660,345,12,-74.0,832.0
1552,1580,20170408,1661,346,12,-75.0,831.0
1553,1583,20170409,1662,346,12,-75.0,831.0
1554,1584,20170410,1663,347,12,-74.0,832.0
1555,1586,20170411,1664,347,12,-74.0,832.0
1556,1585,20170412,1665,348,12,-76.0,833.0
1557,1582,20170413,1666,348,12,-76.0,834.0
1558,1588,20170414,1667,349,12,-76.0,833.0
1559,1587,20170415,1668,349,12,-77.0,831.0
1560,1589,20170416,1669,350,12,-74.0,833.0
1561,1590,20170418,1670,350,12,-76.0,834.0
1562,1591,20170419,1671,351,12,-76.0,832.0
1563,1592,20170420,1672,351,12,-74.0,833.0
1564,1594,20170421,1673,352,12,-75.0,836.0
1565,1593,20170422,1674,352,12,-75.0,835.0
1566,1595,20170423,1675,353,12,-75.0,835.0
1567,1596,20170424,1676,354,12,-76.0,837.0
1568,1597,20170425,1677,354,12,-74.0,835.0
1569,1598,20170426,1678,355,12,-74.0,836.0
1570,1599,20170427,1679,355,12,-75.0,836.0
1571,1601,20170428,1680,356,12,-74.0,835.0
1572,1602,20170429,1681,356,12,-74.0,837.0
1573,1603,20170430,1682,357,12,-76.0,839.0
1574,1600,20170501,1683,357,12,-75.0,837.0
1575,1604,20170502,1684,358,12,-75.0,837.0
1576,1605,20170503,1685,358,12,-77.0,838.0
1577,1607,20170504,1686,359,12,-75.0,838.0
1578,1608,20170505,1687,359,12,-75.0,838.0
1579,1606,20170506,1688,0,1,-76.0,840.0
1580,1610,20170507,1689,0,1,-75.0,840.0
1581,1609,20170508,1690,1,1,-76.0,840.0
1582,1614,20170510,1692,2,1,-62.0,820.0
1583,1612,20170511,1693,2,1,-76.0,840.0
1584,1613,20170512,1694,3,1,-76.0,840.0
1585,1611,20170513,1695,3,1,-77.0,840.0
1586,1615,20170514,1696,4,1,-75.0,841.0
1587,1616,20170515,1697,4,1,-77.0,841.0
1588,1618,20170516,1698,5,1,-77.0,842.0
1589,1617,20170517,1699,5,1,-76.0,843.0
1590,1619,20170518,1700,6,1,-76.0,842.0
1591,1620,20170519,1701,6,1,-76.0,841.0
1592,1621,20170520,1702,7,1,-75.0,842.0
1593,1622,20170521,1703,7,1,-76.0,843.0
1594,1625,20170522,1704,8,1,-77.0,844.0
1595,1623,20170523,1705,8,1,-76.0,845.0
1596,1624,20170524,1706,9,1,-77.0,845.0
1597,1627,20170526,1707,9,1,-77.0,846.0
1598,1626,20170527,1708,10,1,-76.0,846.0
1599,1628,20170528,1709,10,1,-76.0,847.0
1600,1629,20170529,1710,11,1,-76.0,848.0
1601,1631,20170530,1711,11,1,-75.0,848.0
1602,1630,20170531,1712,12,1,-77.0,849.0
1603,1635,20170601,1713,12,1,-75.0,850.0
1604,1633,20170602,1714,13,1,-77.0,849.0
1605,1634,20170603,1715,13,1,-77.0,851.0
1606,1632,20170604,1716,14,1,-76.0,850.0
1607,1636,20170605,1717,14,1,-76.0,851.0
1608,1637,20170606,1718,15,1,-77.0,852.0
1609,1639,20170607,1719,15,1,-77.0,853.0
1610,1638,20170608,1720,16,1,-76.0,853.0
1611,1641,20170609,1721,16,1,-76.0,852.0
1612,1640,20170610,1722,17,1,-77.0,854.0
1613,1642,20170611,1723,17,1,-76.0,854.0
1614,1643,20170612,1724,18,1,-77.0,856.0
1615,1644,20170613,1725,18,1,-79.0,857.0
1616,1645,20170614,1726,19,1,-76.0,855.0
1617,1647,20170615,1727,19,1,-75.0,855.0
1618,1648,20170616,1728,20,1,-76.0,855.0
1619,1646,20170617,1729,20,1,-76.0,858.0
1620,1650,20170618,1730,21,1,-77.0,858.0
1621,1649,20170619,1731,21,1,-78.0,857.0
1622,1651,20170620,1732,22,1,-78.0,858.0
1623,1652,20170621,1733,22,1,-77.0,859.0
1624,1655,20170622,1734,23,1,-78.0,859.0
1625,1653,20170623,1735,23,1,-78.0,861.0
1626,1654,20170624,1736,23,1,-77.0,860.0
1627,1656,20170625,1737,24,1,-78.0,861.0
1628,1657,20170626,1738,24,1,-78.0,861.0
1629,1658,20170627,1739,25,1,-77.0,861.0
1630,1662,20170628,1740,25,1,-78.0,861.0
1631,1659,20170629,1741,26,1,-78.0,863.0
1632,1661,20170630,1742,26,1,-77.0,865.0
1633,1660,20170702,1743,27,1,-78.0,863.0
1634,1663,20170703,1744,27,1,-78.0,863.0
1635,1664,20170704,1745,28,1,-78.0,865.0
1636,1665,20170705,1746,28,1,-76.0,866.0
1637,1666,20170706,1747,29,1,-79.0,866.0
1638,1668,20170707,1748,29,1,-79.0,867.0
1639,1667,20170708,1749,30,2,-76.0,867.0
1640,1669,20170709,1750,30,2,-77.0,867.0
1641,1670,20170710,1751,31,2,-78.0,867.0
1642,1671,20170711,1752,31,2,-80.0,867.0
1643,1672,20170712,1753,32,2,-76.0,868.0
1644,1673,20170713,1754,32,2,-78.0,870.0
1645,1674,20170714,1755,32,2,-77.0,870.0
1646,1675,20170715,1756,33,2,-78.0,871.0
1647,1676,20170716,1757,33,2,-78.0,871.0
1648,1677,20170717,1758,34,2,-78.0,871.0
1649,1678,20170718,1759,34,2,-77.0,871.0
1650,1679,20170719,1760,35,2,-78.0,872.0
1651,1684,20170720,1761,35,2,-77.0,872.0
1652,1687,20170721,1762,36,2,-77.0,872.0
1653,1680,20170722,1763,36,2,-78.0,873.0
1654,1682,20170723,1764,37,2,-79.0,872.0
1655,1690,20170724,1765,37,2,-77.0,873.0
1656,1688,20170725,1766,38,2,-79.0,873.0
1657,1691,20170726,1767,38,2,-77.0,874.0
1658,1683,20170727,1768,39,2,-78.0,875.0
1659,1689,20170728,1769,39,2,-76.0,875.0
1660,1686,20170729,1770,39,2,-79.0,875.0
1661,1692,20170730,1771,40,2,-79.0,876.0
1662,1681,20170731,1772,40,2,-78.0,876.0
1663,1685,20170801,1773,41,2,-78.0,876.0
1664,1693,20170802,1774,41,2,-79.0,877.0
1665,1694,20170803,1775,42,2,-80.0,877.0
1666,1696,20170804,1776,42,2,-79.0,877.0
1667,1695,20170805,1777,43,2,-79.0,877.0
1668,1697,20170806,1778,43,2,-81.0,877.0
1669,1698,20170807,1779,44,2,-78.0,878.0
1670,1699,20170809,1780,44,2,-77.0,879.0
1671,1700,20170810,1781,45,2,-78.0,879.0
1672,1701,20170811,1782,45,2,-78.0,878.0
1673,1703,20170812,1783,45,2,-79.0,879.0
1674,1702,20170813,1784,46,2,-80.0,883.0
1675,1704,20170814,1785,46,2,-77.0,881.0
1676,1705,20170816,1787,47,2,-79.0,881.0
1677,1706,20170817,1788,48,2,-79.0,881.0
1678,1708,20170818,1789,48,2,-79.0,881.0
1679,1707,20170819,1790,49,2,-81.0,882.0
1680,1709,20170820,1791,49,2,-79.0,882.0
1681,1710,20170821,1792,50,2,-80.0,883.0
1682,1711,20170822,1793,50,2,-80.0,883.0
1683,1712,20170823,1794,50,2,-80.0,883.0
1684,1714,20170824,1795,51,2,-81.0,882.0
1685,1715,20170825,1796,51,2,-80.0,883.0
1686,1713,20170826,1797,52,2,-79.0,884.0
1687,1716,20170827,1798,52,2,-79.0,883.0
1688,1717,20170828,1799,53,2,-78.0,883.0
1689,1718,20170829,1800,53,2,-80.0,883.0
1690,1719,20170830,1801,54,2,-80.0,882.0
1691,1722,20170831,1802,54,2,-79.0,882.0
1692,1723,20170901,1803,55,2,-78.0,882.0
1693,1720,20170902,1804,55,2,-78.0,883.0
1694,1721,20170903,1805,55,2,-78.0,883.0
1695,1724,20170904,1806,56,2,-80.0,884.0
1696,1725,20170905,1807,56,2,-78.0,884.0
1697,1726,20170906,1808,57,2,-79.0,884.0
1698,1728,20170907,1809,57,2,-80.0,884.0
1699,1729,20170908,1810,58,2,-78.0,883.0
1700,1727,20170909,1811,58,2,-79.0,882.0
1701,1730,20170910,1812,59,2,-79.0,882.0
1702,1731,20170911,1813,59,2,-80.0,881.0
1703,1732,20170912,1814,59,2,-80.0,881.0
1704,1733,20170913,1815,60,3,-81.0,881.0
1705,1734,20170915,1816,60,3,-82.0,882.0
1706,1735,20170916,1817,61,3,-80.0,882.0
1707,1736,20170917,1818,61,3,-81.0,881.0
1708,1737,20170918,1819,62,3,-82.0,880.0
1709,1738,20170919,1820,62,3,-79.0,881.0
1710,1740,20170920,1821,63,3,-81.0,882.0
1711,1739,20170921,1822,63,3,-78.0,881.0
1712,1743,20170922,1823,64,3,-80.0,879.0
1713,1742,20170923,1824,64,3,-80.0,879.0
1714,1741,20170924,1825,64,3,-80.0,878.0
1715,1744,20170925,1826,65,3,-80.0,878.0
1716,1745,20170926,1827,65,3,-80.0,879.0
1717,1746,20170927,1828,66,3,-80.0,878.0
1718,1749,20170928,1829,66,3,-78.0,877.0
1719,1748,20170929,1830,67,3,-80.0,877.0
1720,1747,20170930,1831,67,3,-80.0,876.0
1721,1750,20171001,1832,68,3,-84.0,875.0
1722,1751,20171002,1833,68,3,-81.0,875.0
1723,1752,20171003,1834,68,3,-80.0,875.0
1724,1753,20171004,1835,69,3,-80.0,873.0
1725,1755,20171005,1836,69,3,-81.0,873.0
1726,1756,20171006,1837,70,3,-81.0,872.0
1727,1754,20171007,1838,70,3,-79.0,872.0
1728,1757,20171008,1839,71,3,-80.0,872.0
1729,1758,20171009,1840,71,3,-77.0,871.0
1730,1759,20171010,1841,72,3,-77.0,870.0
1731,1761,20171011,1842,72,3,-79.0,869.0
1732,1760,20171012,1843,72,3,-80.0,869.0
1733,1762,20171013,1844,73,3,-81.0,869.0
1734,1763,20171014,1845,73,3,-80.0,868.0
1735,1765,20171015,1846,74,3,-80.0,868.0
1736,1764,20171016,1847,74,3,-80.0,866.0
1737,1766,20171017,1848,75,3,-80.0,865.0
1738,1770,20171018,1849,75,3,-80.0,864.0
1739,1768,20171019,1850,76,3,-80.0,864.0
1740,1767,20171020,1851,76,3,-87.0,864.0
1741,1769,20171022,1852,77,3,-80.0,863.0
1742,1771,20171023,1853,77,3,-80.0,862.0
1743,1772,20171024,1854,77,3,-80.0,861.0
1744,1773,20171025,1855,78,3,-78.0,861.0
1745,1774,20171026,1856,78,3,-80.0,859.0
1746,1776,20171027,1857,79,3,-80.0,858.0
1747,1775,20171028,1858,79,3,-81.0,857.0
1748,1779,20171029,1859,80,3,-79.0,857.0
1749,1778,20171030,1860,80,3,-80.0,857.0
1750,1780,20171031,1861,81,3,-79.0,855.0
1751,1777,20171101,1862,81,3,-81.0,854.0
1752,1781,20171102,1863,81,3,-80.0,853.0
1753,1782,20171103,1864,82,3,-82.0,852.0
1754,1783,20171104,1865,82,3,-80.0,852.0
1755,1785,20171105,1866,83,3,-80.0,850.0
1756,1784,20171106,1867,83,3,-78.0,848.0
1757,1786,20171107,1868,84,3,-80.0,848.0
1758,1787,20171108,1869,84,3,-81.0,846.0
1759,1788,20171109,1870,85,3,-81.0,845.0
1760,1789,20171110,1871,85,3,-80.0,844.0
1761,1791,20171111,1872,86,3,-79.0,843.0
1762,1790,20171112,1873,86,3,-79.0,842.0
1763,1792,20171113,1874,86,3,-80.0,840.0
1764,1793,20171114,1875,87,3,-79.0,839.0
1765,1794,20171115,1876,87,3,-79.0,838.0
1766,1797,20171116,1877,88,3,-79.0,837.0
1767,1795,20171117,1878,88,3,-79.0,835.0
1768,1796,20171118,1879,89,3,-79.0,834.0
1769,1798,20171119,1880,89,3,-79.0,833.0
1770,1803,20171120,1881,90,4,-79.0,832.0
1771,1801,20171121,1882,90,4,-78.0,831.0
1772,1800,20171122,1883,91,4,-78.0,830.0
1773,1799,20171123,1884,91,4,-79.0,829.0
1774,1804,20171124,1885,91,4,-79.0,827.0
1775,1805,20171125,1886,92,4,-79.0,826.0
1776,1802,20171126,1887,92,4,-79.0,824.0
1777,1807,20171127,1888,93,4,-79.0,823.0
1778,1806,20171129,1889,93,4,-80.0,822.0
1779,1808,20171130,1890,94,4,-79.0,821.0
1780,1810,20171201,1891,94,4,-80.0,819.0
1781,1809,20171202,1892,95,4,-81.0,817.0
1782,1812,20171203,1893,95,4,-79.0,816.0
1783,1811,20171204,1894,96,4,-79.0,815.0
1784,1814,20171205,1895,96,4,-78.0,814.0
1785,1813,20171206,1896,96,4,-79.0,812.0
1786,1817,20171207,1897,97,4,-80.0,811.0
1787,1816,20171208,1898,97,4,-81.0,810.0
1788,1815,20171209,1899,98,4,-81.0,808.0
1789,1818,20171210,1900,98,4,-81.0,807.0
1790,1819,20171211,1901,99,4,-81.0,806.0
1791,1820,20171212,1902,99,4,-79.0,804.0
1792,1821,20171213,1903,100,4,-78.0,803.0
1793,1822,20171214,1904,100,4,-79.0,801.0
1794,1823,20171215,1905,101,4,-80.0,800.0
1795,1824,20171216,1906,101,4,-79.0,799.0
1796,1825,20171217,1907,101,4,-79.0,798.0
1797,1826,20171218,1908,102,4,-79.0,796.0
1798,1827,20171219,1909,102,4,-80.0,795.0
1799,1828,20171220,1910,103,4,-80.0,794.0
1800,1833,20171221,1911,103,4,-79.0,792.0
1801,1832,20171222,1912,104,4,-80.0,791.0
1802,1830,20171223,1913,104,4,-79.0,791.0
1803,1834,20171224,1914,105,4,-78.0,790.0
1804,1835,20171225,1915,105,4,-78.0,788.0
1805,1829,20171226,1916,106,4,-79.0,787.0
1806,1831,20171227,1917,106,4,-80.0,786.0
1807,1839,20171228,1918,107,4,-77.0,784.0
1808,1836,20171229,1919,107,4,-77.0,783.0
1809,1837,20171230,1920,108,4,-77.0,782.0
1810,1838,20171231,1921,108,4,-78.0,781.0
1811,1840,20180101,1922,108,4,-79.0,780.0
1812,1842,20180102,1923,109,4,-77.0,778.0
1813,1841,20180103,1924,109,4,-78.0,777.0
1814,1844,20180105,1925,110,4,-79.0,777.0
1815,1843,20180106,1926,110,4,-80.0,775.0
1816,1845,20180107,1927,111,4,-79.0,774.0
1817,1847,20180108,1928,111,4,-78.0,773.0
1818,1846,20180109,1929,112,4,-79.0,771.0
1819,1848,20180110,1930,112,4,-79.0,770.0
1820,1849,20180111,1931,113,4,-79.0,770.0
1821,1850,20180112,1932,113,4,-79.0,768.0
1822,1852,20180113,1933,114,4,-78.0,767.0
1823,1851,20180114,1934,114,4,-79.0,766.0
1824,1853,20180115,1935,115,4,-80.0,765.0
1825,1855,20180116,1936,115,4,-79.0,764.0
1826,1854,20180117,1937,116,4,-80.0,763.0
1827,1859,20180118,1938,116,4,-78.0,762.0
1828,1857,20180119,1939,116,4,-78.0,760.0
1829,1858,20180120,1940,117,4,-77.0,759.0
1830,1856,20180121,1941,117,4,-77.0,758.0
1831,1860,20180122,1942,118,4,-78.0,757.0
1832,1863,20180123,1943,118,4,-78.0,756.0
1833,1861,20180124,1944,119,4,-80.0,755.0
1834,1862,20180125,1945,119,4,-78.0,754.0
1835,1864,20180126,1946,120,5,-79.0,753.0
1836,1865,20180127,1947,120,5,-78.0,751.0
1837,1866,20180128,1948,121,5,-78.0,752.0
1838,1867,20180129,1949,121,5,-78.0,751.0
1839,1868,20180130,1950,122,5,-79.0,750.0
1840,1869,20180131,1951,122,5,-77.0,749.0
1841,1871,20180201,1952,123,5,-80.0,748.0
1842,1870,20180202,1953,123,5,-78.0,747.0
1843,1872,20180203,1954,124,5,-77.0,745.0
1844,1873,20180204,1955,124,5,-77.0,745.0
1845,1879,20180205,1956,125,5,-79.0,744.0
1846,1875,20180206,1957,125,5,-77.0,742.0
1847,1874,20180207,1958,126,5,-77.0,741.0
1848,1878,20180208,1959,126,5,-78.0,740.0
1849,1876,20180209,1960,127,5,-78.0,740.0
1850,1877,20180211,1961,127,5,-77.0,740.0
1851,1880,20180212,1962,128,5,-78.0,738.0
1852,1881,20180213,1963,128,5,-77.0,737.0
1853,1882,20180214,1964,129,5,-76.0,736.0
1854,1883,20180215,1965,129,5,-76.0,735.0
1855,1884,20180216,1966,130,5,-77.0,735.0
1856,1885,20180217,1967,130,5,-76.0,734.0
1857,1886,20180218,1968,131,5,-76.0,732.0
1858,1887,20180219,1969,131,5,-76.0,732.0
1859,1888,20180220,1970,132,5,-77.0,731.0
1860,1890,20180221,1971,132,5,-78.0,731.0
1861,1891,20180222,1972,133,5,-78.0,730.0
1862,1889,20180223,1973,133,5,-78.0,730.0
1863,1892,20180224,1974,134,5,-77.0,729.0
1864,1894,20180225,1975,134,5,-76.0,729.0
1865,1893,20180226,1976,135,5,-77.0,728.0
1866,1895,20180227,1977,135,5,-77.0,727.0
